==7220== Helgrind, a thread error detector
==7220== Copyright (C) 2007-2017, and GNU GPL'd, by OpenWorks LLP et al.
==7220== Using Valgrind-3.22.0 and LibVEX; rerun with -h for copyright info
==7220== Command: ./threadpool --all
==7220== 
[36m[B01][0m Basic execution (3 tasks on 2 threads)... ==7221== ---Thread-Announcement------------------------------------------
==7221== 
==7221== Thread #1 is the program's root thread
==7221== 
==7221== ----------------------------------------------------------------
==7221== 
==7221== Thread #1: pthread_cond_{signal,broadcast}: dubious: associated lock is not held by any thread
==7221==    at 0x4851C1D: ??? (in /usr/libexec/valgrind/vgpreload_helgrind-amd64-linux.so)
==7221==    by 0x10E08B: ThreadPool::schedule(std::function<void ()> const&) (thread-pool.cc:37)
==7221==    by 0x114211: test_basic() (test_custom.cc:61)
==7221==    by 0x1301FC: bool std::__invoke_impl<bool, bool (*&)()>(std::__invoke_other, bool (*&)()) (invoke.h:61)
==7221==    by 0x12EE9D: std::enable_if<!std::is_void<bool>::value, bool>::type std::__invoke_r<bool, bool (*&)()>(bool (*&)()) (invoke.h:138)
==7221==    by 0x12D567: std::_Function_handler<bool (), bool (*)()>::_M_invoke(std::_Any_data const&) (std_function.h:290)
==7221==    by 0x12B475: std::function<bool ()>::operator()() const (std_function.h:591)
==7221==    by 0x119198: run_test(TestCase const&) (test_custom.cc:866)
==7221==    by 0x11A5E1: main (test_custom.cc:947)
==7221== 
==7221== ----------------------------------------------------------------
==7221== 
==7221== Thread #1: pthread_cond_{signal,broadcast}: dubious: associated lock is not held by any thread
==7221==    at 0x4851E0D: ??? (in /usr/libexec/valgrind/vgpreload_helgrind-amd64-linux.so)
==7221==    by 0x10E8D2: ThreadPool::~ThreadPool() (thread-pool.cc:134)
==7221==    by 0x114301: test_basic() (test_custom.cc:71)
==7221==    by 0x1301FC: bool std::__invoke_impl<bool, bool (*&)()>(std::__invoke_other, bool (*&)()) (invoke.h:61)
==7221==    by 0x12EE9D: std::enable_if<!std::is_void<bool>::value, bool>::type std::__invoke_r<bool, bool (*&)()>(bool (*&)()) (invoke.h:138)
==7221==    by 0x12D567: std::_Function_handler<bool (), bool (*)()>::_M_invoke(std::_Any_data const&) (std_function.h:290)
==7221==    by 0x12B475: std::function<bool ()>::operator()() const (std_function.h:591)
==7221==    by 0x119198: run_test(TestCase const&) (test_custom.cc:866)
==7221==    by 0x11A5E1: main (test_custom.cc:947)
==7221== 
==7221== 
==7221== Use --history-level=approx or =none to gain increased speed, at
==7221== the cost of reduced accuracy of conflicting-access information
==7221== For lists of detected and suppressed errors, rerun with: -s
==7221== ERROR SUMMARY: 4 errors from 2 contexts (suppressed: 263 from 23)
[1;31m❌ FAILED[0m
[36m[B02][0m Wait without scheduling... ==7225== ---Thread-Announcement------------------------------------------
==7225== 
==7225== Thread #1 is the program's root thread
==7225== 
==7225== ----------------------------------------------------------------
==7225== 
==7225== Thread #1: pthread_cond_{signal,broadcast}: dubious: associated lock is not held by any thread
==7225==    at 0x4851E0D: ??? (in /usr/libexec/valgrind/vgpreload_helgrind-amd64-linux.so)
==7225==    by 0x10E8D2: ThreadPool::~ThreadPool() (thread-pool.cc:134)
==7225==    by 0x11442B: test_wait_only() (test_custom.cc:81)
==7225==    by 0x1301FC: bool std::__invoke_impl<bool, bool (*&)()>(std::__invoke_other, bool (*&)()) (invoke.h:61)
==7225==    by 0x12EE9D: std::enable_if<!std::is_void<bool>::value, bool>::type std::__invoke_r<bool, bool (*&)()>(bool (*&)()) (invoke.h:138)
==7225==    by 0x12D567: std::_Function_handler<bool (), bool (*)()>::_M_invoke(std::_Any_data const&) (std_function.h:290)
==7225==    by 0x12B475: std::function<bool ()>::operator()() const (std_function.h:591)
==7225==    by 0x119198: run_test(TestCase const&) (test_custom.cc:866)
==7225==    by 0x11A5E1: main (test_custom.cc:947)
==7225== 
==7225== 
==7225== Use --history-level=approx or =none to gain increased speed, at
==7225== the cost of reduced accuracy of conflicting-access information
==7225== For lists of detected and suppressed errors, rerun with: -s
==7225== ERROR SUMMARY: 1 errors from 1 contexts (suppressed: 156 from 17)
[1;31m❌ FAILED[0m
[36m[B03][0m Serial execution with 1 thread... ==7231== ---Thread-Announcement------------------------------------------
==7231== 
==7231== Thread #1 is the program's root thread
==7231== 
==7231== ----------------------------------------------------------------
==7231== 
==7231== Thread #1: pthread_cond_{signal,broadcast}: dubious: associated lock is not held by any thread
==7231==    at 0x4851C1D: ??? (in /usr/libexec/valgrind/vgpreload_helgrind-amd64-linux.so)
==7231==    by 0x10E08B: ThreadPool::schedule(std::function<void ()> const&) (thread-pool.cc:37)
==7231==    by 0x1145FE: test_serial_execution() (test_custom.cc:92)
==7231==    by 0x1301FC: bool std::__invoke_impl<bool, bool (*&)()>(std::__invoke_other, bool (*&)()) (invoke.h:61)
==7231==    by 0x12EE9D: std::enable_if<!std::is_void<bool>::value, bool>::type std::__invoke_r<bool, bool (*&)()>(bool (*&)()) (invoke.h:138)
==7231==    by 0x12D567: std::_Function_handler<bool (), bool (*)()>::_M_invoke(std::_Any_data const&) (std_function.h:290)
==7231==    by 0x12B475: std::function<bool ()>::operator()() const (std_function.h:591)
==7231==    by 0x119198: run_test(TestCase const&) (test_custom.cc:866)
==7231==    by 0x11A5E1: main (test_custom.cc:947)
==7231== 
==7231== ----------------------------------------------------------------
==7231== 
==7231== Thread #1: pthread_cond_{signal,broadcast}: dubious: associated lock is not held by any thread
==7231==    at 0x4851E0D: ??? (in /usr/libexec/valgrind/vgpreload_helgrind-amd64-linux.so)
==7231==    by 0x10E8D2: ThreadPool::~ThreadPool() (thread-pool.cc:134)
==7231==    by 0x11467F: test_serial_execution() (test_custom.cc:99)
==7231==    by 0x1301FC: bool std::__invoke_impl<bool, bool (*&)()>(std::__invoke_other, bool (*&)()) (invoke.h:61)
==7231==    by 0x12EE9D: std::enable_if<!std::is_void<bool>::value, bool>::type std::__invoke_r<bool, bool (*&)()>(bool (*&)()) (invoke.h:138)
==7231==    by 0x12D567: std::_Function_handler<bool (), bool (*)()>::_M_invoke(std::_Any_data const&) (std_function.h:290)
==7231==    by 0x12B475: std::function<bool ()>::operator()() const (std_function.h:591)
==7231==    by 0x119198: run_test(TestCase const&) (test_custom.cc:866)
==7231==    by 0x11A5E1: main (test_custom.cc:947)
==7231== 
==7231== 
==7231== Use --history-level=approx or =none to gain increased speed, at
==7231== the cost of reduced accuracy of conflicting-access information
==7231== For lists of detected and suppressed errors, rerun with: -s
==7231== ERROR SUMMARY: 6 errors from 2 contexts (suppressed: 7751 from 23)
[1;31m❌ FAILED[0m
[36m[B04][0m FIFO execution in single-thread mode... ==7234== ---Thread-Announcement------------------------------------------
==7234== 
==7234== Thread #1 is the program's root thread
==7234== 
==7234== ----------------------------------------------------------------
==7234== 
==7234== Thread #1: pthread_cond_{signal,broadcast}: dubious: associated lock is not held by any thread
==7234==    at 0x4851C1D: ??? (in /usr/libexec/valgrind/vgpreload_helgrind-amd64-linux.so)
==7234==    by 0x10E08B: ThreadPool::schedule(std::function<void ()> const&) (thread-pool.cc:37)
==7234==    by 0x114876: test_fifo_single_thread() (test_custom.cc:111)
==7234==    by 0x1301FC: bool std::__invoke_impl<bool, bool (*&)()>(std::__invoke_other, bool (*&)()) (invoke.h:61)
==7234==    by 0x12EE9D: std::enable_if<!std::is_void<bool>::value, bool>::type std::__invoke_r<bool, bool (*&)()>(bool (*&)()) (invoke.h:138)
==7234==    by 0x12D567: std::_Function_handler<bool (), bool (*)()>::_M_invoke(std::_Any_data const&) (std_function.h:290)
==7234==    by 0x12B475: std::function<bool ()>::operator()() const (std_function.h:591)
==7234==    by 0x119198: run_test(TestCase const&) (test_custom.cc:866)
==7234==    by 0x11A5E1: main (test_custom.cc:947)
==7234== 
==7234== ----------------------------------------------------------------
==7234== 
==7234== Thread #1: pthread_cond_{signal,broadcast}: dubious: associated lock is not held by any thread
==7234==    at 0x4851E0D: ??? (in /usr/libexec/valgrind/vgpreload_helgrind-amd64-linux.so)
==7234==    by 0x10E8D2: ThreadPool::~ThreadPool() (thread-pool.cc:134)
==7234==    by 0x114914: test_fifo_single_thread() (test_custom.cc:123)
==7234==    by 0x1301FC: bool std::__invoke_impl<bool, bool (*&)()>(std::__invoke_other, bool (*&)()) (invoke.h:61)
==7234==    by 0x12EE9D: std::enable_if<!std::is_void<bool>::value, bool>::type std::__invoke_r<bool, bool (*&)()>(bool (*&)()) (invoke.h:138)
==7234==    by 0x12D567: std::_Function_handler<bool (), bool (*)()>::_M_invoke(std::_Any_data const&) (std_function.h:290)
==7234==    by 0x12B475: std::function<bool ()>::operator()() const (std_function.h:591)
==7234==    by 0x119198: run_test(TestCase const&) (test_custom.cc:866)
==7234==    by 0x11A5E1: main (test_custom.cc:947)
==7234== 
==7234== 
==7234== Use --history-level=approx or =none to gain increased speed, at
==7234== the cost of reduced accuracy of conflicting-access information
==7234== For lists of detected and suppressed errors, rerun with: -s
==7234== ERROR SUMMARY: 11 errors from 2 contexts (suppressed: 7739 from 23)
[1;31m❌ FAILED[0m
[32m[C01][0m Stress with 1000 tasks... ==7237== ---Thread-Announcement------------------------------------------
==7237== 
==7237== Thread #1 is the program's root thread
==7237== 
==7237== ----------------------------------------------------------------
==7237== 
==7237== Thread #1: pthread_cond_{signal,broadcast}: dubious: associated lock is not held by any thread
==7237==    at 0x4851C1D: ??? (in /usr/libexec/valgrind/vgpreload_helgrind-amd64-linux.so)
==7237==    by 0x10E08B: ThreadPool::schedule(std::function<void ()> const&) (thread-pool.cc:37)
==7237==    by 0x114A9F: test_concurrent_stress() (test_custom.cc:138)
==7237==    by 0x1301FC: bool std::__invoke_impl<bool, bool (*&)()>(std::__invoke_other, bool (*&)()) (invoke.h:61)
==7237==    by 0x12EE9D: std::enable_if<!std::is_void<bool>::value, bool>::type std::__invoke_r<bool, bool (*&)()>(bool (*&)()) (invoke.h:138)
==7237==    by 0x12D567: std::_Function_handler<bool (), bool (*)()>::_M_invoke(std::_Any_data const&) (std_function.h:290)
==7237==    by 0x12B475: std::function<bool ()>::operator()() const (std_function.h:591)
==7237==    by 0x119198: run_test(TestCase const&) (test_custom.cc:866)
==7237==    by 0x11A5E1: main (test_custom.cc:947)
==7237== 
==7237== ----------------------------------------------------------------
==7237== 
==7237== Thread #1: pthread_cond_{signal,broadcast}: dubious: associated lock is not held by any thread
==7237==    at 0x4851E0D: ??? (in /usr/libexec/valgrind/vgpreload_helgrind-amd64-linux.so)
==7237==    by 0x10E8D2: ThreadPool::~ThreadPool() (thread-pool.cc:134)
==7237==    by 0x114B73: test_concurrent_stress() (test_custom.cc:146)
==7237==    by 0x1301FC: bool std::__invoke_impl<bool, bool (*&)()>(std::__invoke_other, bool (*&)()) (invoke.h:61)
==7237==    by 0x12EE9D: std::enable_if<!std::is_void<bool>::value, bool>::type std::__invoke_r<bool, bool (*&)()>(bool (*&)()) (invoke.h:138)
==7237==    by 0x12D567: std::_Function_handler<bool (), bool (*)()>::_M_invoke(std::_Any_data const&) (std_function.h:290)
==7237==    by 0x12B475: std::function<bool ()>::operator()() const (std_function.h:591)
==7237==    by 0x119198: run_test(TestCase const&) (test_custom.cc:866)
==7237==    by 0x11A5E1: main (test_custom.cc:947)
==7237== 
==7237== 
==7237== Use --history-level=approx or =none to gain increased speed, at
==7237== the cost of reduced accuracy of conflicting-access information
==7237== For lists of detected and suppressed errors, rerun with: -s
==7237== ERROR SUMMARY: 1001 errors from 2 contexts (suppressed: 106764 from 23)
[1;31m❌ FAILED[0m
[32m[C02][0m Reusing the pool after wait... ==7251== ---Thread-Announcement------------------------------------------
==7251== 
==7251== Thread #1 is the program's root thread
==7251== 
==7251== ----------------------------------------------------------------
==7251== 
==7251== Thread #1: pthread_cond_{signal,broadcast}: dubious: associated lock is not held by any thread
==7251==    at 0x4851C1D: ??? (in /usr/libexec/valgrind/vgpreload_helgrind-amd64-linux.so)
==7251==    by 0x10E08B: ThreadPool::schedule(std::function<void ()> const&) (thread-pool.cc:37)
==7251==    by 0x114CC6: test_reuse_pool() (test_custom.cc:155)
==7251==    by 0x1301FC: bool std::__invoke_impl<bool, bool (*&)()>(std::__invoke_other, bool (*&)()) (invoke.h:61)
==7251==    by 0x12EE9D: std::enable_if<!std::is_void<bool>::value, bool>::type std::__invoke_r<bool, bool (*&)()>(bool (*&)()) (invoke.h:138)
==7251==    by 0x12D567: std::_Function_handler<bool (), bool (*)()>::_M_invoke(std::_Any_data const&) (std_function.h:290)
==7251==    by 0x12B475: std::function<bool ()>::operator()() const (std_function.h:591)
==7251==    by 0x119198: run_test(TestCase const&) (test_custom.cc:866)
==7251==    by 0x11A5E1: main (test_custom.cc:947)
==7251== 
==7251== ----------------------------------------------------------------
==7251== 
==7251== Thread #1: pthread_cond_{signal,broadcast}: dubious: associated lock is not held by any thread
==7251==    at 0x4851C1D: ??? (in /usr/libexec/valgrind/vgpreload_helgrind-amd64-linux.so)
==7251==    by 0x10E08B: ThreadPool::schedule(std::function<void ()> const&) (thread-pool.cc:37)
==7251==    by 0x114D40: test_reuse_pool() (test_custom.cc:161)
==7251==    by 0x1301FC: bool std::__invoke_impl<bool, bool (*&)()>(std::__invoke_other, bool (*&)()) (invoke.h:61)
==7251==    by 0x12EE9D: std::enable_if<!std::is_void<bool>::value, bool>::type std::__invoke_r<bool, bool (*&)()>(bool (*&)()) (invoke.h:138)
==7251==    by 0x12D567: std::_Function_handler<bool (), bool (*)()>::_M_invoke(std::_Any_data const&) (std_function.h:290)
==7251==    by 0x12B475: std::function<bool ()>::operator()() const (std_function.h:591)
==7251==    by 0x119198: run_test(TestCase const&) (test_custom.cc:866)
==7251==    by 0x11A5E1: main (test_custom.cc:947)
==7251== 
==7251== ----------------------------------------------------------------
==7251== 
==7251== Thread #1: pthread_cond_{signal,broadcast}: dubious: associated lock is not held by any thread
==7251==    at 0x4851E0D: ??? (in /usr/libexec/valgrind/vgpreload_helgrind-amd64-linux.so)
==7251==    by 0x10E8D2: ThreadPool::~ThreadPool() (thread-pool.cc:134)
==7251==    by 0x114D74: test_reuse_pool() (test_custom.cc:166)
==7251==    by 0x1301FC: bool std::__invoke_impl<bool, bool (*&)()>(std::__invoke_other, bool (*&)()) (invoke.h:61)
==7251==    by 0x12EE9D: std::enable_if<!std::is_void<bool>::value, bool>::type std::__invoke_r<bool, bool (*&)()>(bool (*&)()) (invoke.h:138)
==7251==    by 0x12D567: std::_Function_handler<bool (), bool (*)()>::_M_invoke(std::_Any_data const&) (std_function.h:290)
==7251==    by 0x12B475: std::function<bool ()>::operator()() const (std_function.h:591)
==7251==    by 0x119198: run_test(TestCase const&) (test_custom.cc:866)
==7251==    by 0x11A5E1: main (test_custom.cc:947)
==7251== 
==7251== 
==7251== Use --history-level=approx or =none to gain increased speed, at
==7251== the cost of reduced accuracy of conflicting-access information
==7251== For lists of detected and suppressed errors, rerun with: -s
==7251== ERROR SUMMARY: 3 errors from 3 contexts (suppressed: 257 from 24)
[1;31m❌ FAILED[0m
[32m[C03][0m Multiple wait() calls... ==7257== ---Thread-Announcement------------------------------------------
==7257== 
==7257== Thread #1 is the program's root thread
==7257== 
==7257== ----------------------------------------------------------------
==7257== 
==7257== Thread #1: pthread_cond_{signal,broadcast}: dubious: associated lock is not held by any thread
==7257==    at 0x4851C1D: ??? (in /usr/libexec/valgrind/vgpreload_helgrind-amd64-linux.so)
==7257==    by 0x10E08B: ThreadPool::schedule(std::function<void ()> const&) (thread-pool.cc:37)
==7257==    by 0x114E95: test_multiple_wait_calls() (test_custom.cc:175)
==7257==    by 0x1301FC: bool std::__invoke_impl<bool, bool (*&)()>(std::__invoke_other, bool (*&)()) (invoke.h:61)
==7257==    by 0x12EE9D: std::enable_if<!std::is_void<bool>::value, bool>::type std::__invoke_r<bool, bool (*&)()>(bool (*&)()) (invoke.h:138)
==7257==    by 0x12D567: std::_Function_handler<bool (), bool (*)()>::_M_invoke(std::_Any_data const&) (std_function.h:290)
==7257==    by 0x12B475: std::function<bool ()>::operator()() const (std_function.h:591)
==7257==    by 0x119198: run_test(TestCase const&) (test_custom.cc:866)
==7257==    by 0x11A5E1: main (test_custom.cc:947)
==7257== 
==7257== ----------------------------------------------------------------
==7257== 
==7257== Thread #1: pthread_cond_{signal,broadcast}: dubious: associated lock is not held by any thread
==7257==    at 0x4851E0D: ??? (in /usr/libexec/valgrind/vgpreload_helgrind-amd64-linux.so)
==7257==    by 0x10E8D2: ThreadPool::~ThreadPool() (thread-pool.cc:134)
==7257==    by 0x114EE6: test_multiple_wait_calls() (test_custom.cc:181)
==7257==    by 0x1301FC: bool std::__invoke_impl<bool, bool (*&)()>(std::__invoke_other, bool (*&)()) (invoke.h:61)
==7257==    by 0x12EE9D: std::enable_if<!std::is_void<bool>::value, bool>::type std::__invoke_r<bool, bool (*&)()>(bool (*&)()) (invoke.h:138)
==7257==    by 0x12D567: std::_Function_handler<bool (), bool (*)()>::_M_invoke(std::_Any_data const&) (std_function.h:290)
==7257==    by 0x12B475: std::function<bool ()>::operator()() const (std_function.h:591)
==7257==    by 0x119198: run_test(TestCase const&) (test_custom.cc:866)
==7257==    by 0x11A5E1: main (test_custom.cc:947)
==7257== 
==7257== 
==7257== Use --history-level=approx or =none to gain increased speed, at
==7257== the cost of reduced accuracy of conflicting-access information
==7257== For lists of detected and suppressed errors, rerun with: -s
==7257== ERROR SUMMARY: 2 errors from 2 contexts (suppressed: 210 from 23)
[1;31m❌ FAILED[0m
[35m[E01][0m Massive stress (10k tasks)... ==7263== ---Thread-Announcement------------------------------------------
==7263== 
==7263== Thread #1 is the program's root thread
==7263== 
==7263== ----------------------------------------------------------------
==7263== 
==7263== Thread #1: pthread_cond_{signal,broadcast}: dubious: associated lock is not held by any thread
==7263==    at 0x4851C1D: ??? (in /usr/libexec/valgrind/vgpreload_helgrind-amd64-linux.so)
==7263==    by 0x10E08B: ThreadPool::schedule(std::function<void ()> const&) (thread-pool.cc:37)
==7263==    by 0x115005: test_massive_stress() (test_custom.cc:196)
==7263==    by 0x1301FC: bool std::__invoke_impl<bool, bool (*&)()>(std::__invoke_other, bool (*&)()) (invoke.h:61)
==7263==    by 0x12EE9D: std::enable_if<!std::is_void<bool>::value, bool>::type std::__invoke_r<bool, bool (*&)()>(bool (*&)()) (invoke.h:138)
==7263==    by 0x12D567: std::_Function_handler<bool (), bool (*)()>::_M_invoke(std::_Any_data const&) (std_function.h:290)
==7263==    by 0x12B475: std::function<bool ()>::operator()() const (std_function.h:591)
==7263==    by 0x119198: run_test(TestCase const&) (test_custom.cc:866)
==7263==    by 0x11A5E1: main (test_custom.cc:947)
==7263== 
==7263== ----------------------------------------------------------------
==7263== 
==7263== Thread #1: pthread_cond_{signal,broadcast}: dubious: associated lock is not held by any thread
==7263==    at 0x4851E0D: ??? (in /usr/libexec/valgrind/vgpreload_helgrind-amd64-linux.so)
==7263==    by 0x10E8D2: ThreadPool::~ThreadPool() (thread-pool.cc:134)
==7263==    by 0x11505C: test_massive_stress() (test_custom.cc:202)
==7263==    by 0x1301FC: bool std::__invoke_impl<bool, bool (*&)()>(std::__invoke_other, bool (*&)()) (invoke.h:61)
==7263==    by 0x12EE9D: std::enable_if<!std::is_void<bool>::value, bool>::type std::__invoke_r<bool, bool (*&)()>(bool (*&)()) (invoke.h:138)
==7263==    by 0x12D567: std::_Function_handler<bool (), bool (*)()>::_M_invoke(std::_Any_data const&) (std_function.h:290)
==7263==    by 0x12B475: std::function<bool ()>::operator()() const (std_function.h:591)
==7263==    by 0x119198: run_test(TestCase const&) (test_custom.cc:866)
==7263==    by 0x11A5E1: main (test_custom.cc:947)
==7263== 
==7263== 
==7263== Use --history-level=approx or =none to gain increased speed, at
==7263== the cost of reduced accuracy of conflicting-access information
==7263== For lists of detected and suppressed errors, rerun with: -s
==7263== ERROR SUMMARY: 10001 errors from 2 contexts (suppressed: 718657 from 23)
[1;31m❌ FAILED[0m
[35m[E02][0m Long tasks then shutdown... ==7316== ---Thread-Announcement------------------------------------------
==7316== 
==7316== Thread #1 is the program's root thread
==7316== 
==7316== ----------------------------------------------------------------
==7316== 
==7316== Thread #1: pthread_cond_{signal,broadcast}: dubious: associated lock is not held by any thread
==7316==    at 0x4851C1D: ??? (in /usr/libexec/valgrind/vgpreload_helgrind-amd64-linux.so)
==7316==    by 0x10E08B: ThreadPool::schedule(std::function<void ()> const&) (thread-pool.cc:37)
==7316==    by 0x11514F: test_long_tasks_then_quit() (test_custom.cc:211)
==7316==    by 0x1301FC: bool std::__invoke_impl<bool, bool (*&)()>(std::__invoke_other, bool (*&)()) (invoke.h:61)
==7316==    by 0x12EE9D: std::enable_if<!std::is_void<bool>::value, bool>::type std::__invoke_r<bool, bool (*&)()>(bool (*&)()) (invoke.h:138)
==7316==    by 0x12D567: std::_Function_handler<bool (), bool (*)()>::_M_invoke(std::_Any_data const&) (std_function.h:290)
==7316==    by 0x12B475: std::function<bool ()>::operator()() const (std_function.h:591)
==7316==    by 0x119198: run_test(TestCase const&) (test_custom.cc:866)
==7316==    by 0x11A5E1: main (test_custom.cc:947)
==7316== 
==7316== ----------------------------------------------------------------
==7316== 
==7316== Thread #1: pthread_cond_{signal,broadcast}: dubious: associated lock is not held by any thread
==7316==    at 0x4851E0D: ??? (in /usr/libexec/valgrind/vgpreload_helgrind-amd64-linux.so)
==7316==    by 0x10E8D2: ThreadPool::~ThreadPool() (thread-pool.cc:134)
==7316==    by 0x115191: test_long_tasks_then_quit() (test_custom.cc:217)
==7316==    by 0x1301FC: bool std::__invoke_impl<bool, bool (*&)()>(std::__invoke_other, bool (*&)()) (invoke.h:61)
==7316==    by 0x12EE9D: std::enable_if<!std::is_void<bool>::value, bool>::type std::__invoke_r<bool, bool (*&)()>(bool (*&)()) (invoke.h:138)
==7316==    by 0x12D567: std::_Function_handler<bool (), bool (*)()>::_M_invoke(std::_Any_data const&) (std_function.h:290)
==7316==    by 0x12B475: std::function<bool ()>::operator()() const (std_function.h:591)
==7316==    by 0x119198: run_test(TestCase const&) (test_custom.cc:866)
==7316==    by 0x11A5E1: main (test_custom.cc:947)
==7316== 
==7316== 
==7316== Use --history-level=approx or =none to gain increased speed, at
==7316== the cost of reduced accuracy of conflicting-access information
==7316== For lists of detected and suppressed errors, rerun with: -s
==7316== ERROR SUMMARY: 11 errors from 2 contexts (suppressed: 46541 from 23)
[1;31m❌ FAILED[0m
[35m[E03][0m Lots of short tasks on few threads... ==7322== ---Thread-Announcement------------------------------------------
==7322== 
==7322== Thread #1 is the program's root thread
==7322== 
==7322== ----------------------------------------------------------------
==7322== 
==7322== Thread #1: pthread_cond_{signal,broadcast}: dubious: associated lock is not held by any thread
==7322==    at 0x4851C1D: ??? (in /usr/libexec/valgrind/vgpreload_helgrind-amd64-linux.so)
==7322==    by 0x10E08B: ThreadPool::schedule(std::function<void ()> const&) (thread-pool.cc:37)
==7322==    by 0x1152B1: test_many_short_tasks_on_few_threads() (test_custom.cc:227)
==7322==    by 0x1301FC: bool std::__invoke_impl<bool, bool (*&)()>(std::__invoke_other, bool (*&)()) (invoke.h:61)
==7322==    by 0x12EE9D: std::enable_if<!std::is_void<bool>::value, bool>::type std::__invoke_r<bool, bool (*&)()>(bool (*&)()) (invoke.h:138)
==7322==    by 0x12D567: std::_Function_handler<bool (), bool (*)()>::_M_invoke(std::_Any_data const&) (std_function.h:290)
==7322==    by 0x12B475: std::function<bool ()>::operator()() const (std_function.h:591)
==7322==    by 0x119198: run_test(TestCase const&) (test_custom.cc:866)
==7322==    by 0x11A5E1: main (test_custom.cc:947)
==7322== 
==7322== ----------------------------------------------------------------
==7322== 
==7322== Thread #1: pthread_cond_{signal,broadcast}: dubious: associated lock is not held by any thread
==7322==    at 0x4851E0D: ??? (in /usr/libexec/valgrind/vgpreload_helgrind-amd64-linux.so)
==7322==    by 0x10E8D2: ThreadPool::~ThreadPool() (thread-pool.cc:134)
==7322==    by 0x115308: test_many_short_tasks_on_few_threads() (test_custom.cc:234)
==7322==    by 0x1301FC: bool std::__invoke_impl<bool, bool (*&)()>(std::__invoke_other, bool (*&)()) (invoke.h:61)
==7322==    by 0x12EE9D: std::enable_if<!std::is_void<bool>::value, bool>::type std::__invoke_r<bool, bool (*&)()>(bool (*&)()) (invoke.h:138)
==7322==    by 0x12D567: std::_Function_handler<bool (), bool (*)()>::_M_invoke(std::_Any_data const&) (std_function.h:290)
==7322==    by 0x12B475: std::function<bool ()>::operator()() const (std_function.h:591)
==7322==    by 0x119198: run_test(TestCase const&) (test_custom.cc:866)
==7322==    by 0x11A5E1: main (test_custom.cc:947)
==7322== 
==7322== 
==7322== Use --history-level=approx or =none to gain increased speed, at
==7322== the cost of reduced accuracy of conflicting-access information
==7322== For lists of detected and suppressed errors, rerun with: -s
==7322== ERROR SUMMARY: 201 errors from 2 contexts (suppressed: 831602 from 23)
[1;31m❌ FAILED[0m
[35m[E04][0m Detect potential deadlock... ==7328== ---Thread-Announcement------------------------------------------
==7328== 
==7328== Thread #2 was created
==7328==    at 0x4C3FA23: clone (clone.S:76)
==7328==    by 0x4C3FBA2: __clone_internal_fallback (clone-internal.c:64)
==7328==    by 0x4C3FBA2: __clone_internal (clone-internal.c:109)
==7328==    by 0x4BB254F: create_thread (pthread_create.c:297)
==7328==    by 0x4BB31A4: pthread_create@@GLIBC_2.34 (pthread_create.c:836)
==7328==    by 0x4854975: ??? (in /usr/libexec/valgrind/vgpreload_helgrind-amd64-linux.so)
==7328==    by 0x4956EB0: std::thread::_M_start_thread(std::unique_ptr<std::thread::_State, std::default_delete<std::thread::_State> >, void (*)()) (in /usr/lib/x86_64-linux-gnu/libstdc++.so.6.0.33)
==7328==    by 0x11B542: std::thread::thread<test_potential_deadlock()::{lambda()#1}, , void>(test_potential_deadlock()::{lambda()#1}&&) (std_thread.h:164)
==7328==    by 0x1157BA: test_potential_deadlock() (test_custom.cc:286)
==7328==    by 0x1301FC: bool std::__invoke_impl<bool, bool (*&)()>(std::__invoke_other, bool (*&)()) (invoke.h:61)
==7328==    by 0x12EE9D: std::enable_if<!std::is_void<bool>::value, bool>::type std::__invoke_r<bool, bool (*&)()>(bool (*&)()) (invoke.h:138)
==7328==    by 0x12D567: std::_Function_handler<bool (), bool (*)()>::_M_invoke(std::_Any_data const&) (std_function.h:290)
==7328==    by 0x12B475: std::function<bool ()>::operator()() const (std_function.h:591)
==7328== 
==7328== ----------------------------------------------------------------
==7328== 
==7328== Thread #2: pthread_cond_{signal,broadcast}: dubious: associated lock is not held by any thread
==7328==    at 0x4851C1D: ??? (in /usr/libexec/valgrind/vgpreload_helgrind-amd64-linux.so)
==7328==    by 0x10E08B: ThreadPool::schedule(std::function<void ()> const&) (thread-pool.cc:37)
==7328==    by 0x1154BE: test_potential_deadlock()::{lambda()#1}::operator()() const (test_custom.cc:250)
==7328==    by 0x128305: void std::__invoke_impl<void, test_potential_deadlock()::{lambda()#1}>(std::__invoke_other, test_potential_deadlock()::{lambda()#1}&&) (invoke.h:61)
==7328==    by 0x128029: std::__invoke_result<test_potential_deadlock()::{lambda()#1}>::type std::__invoke<test_potential_deadlock()::{lambda()#1}>(test_potential_deadlock()::{lambda()#1}&&) (invoke.h:96)
==7328==    by 0x127C45: void std::thread::_Invoker<std::tuple<test_potential_deadlock()::{lambda()#1}> >::_M_invoke<0ul>(std::_Index_tuple<0ul>) (std_thread.h:292)
==7328==    by 0x127A35: std::thread::_Invoker<std::tuple<test_potential_deadlock()::{lambda()#1}> >::operator()() (std_thread.h:299)
==7328==    by 0x1278E5: std::thread::_State_impl<std::thread::_Invoker<std::tuple<test_potential_deadlock()::{lambda()#1}> > >::_M_run() (std_thread.h:244)
==7328==    by 0x4956DB3: ??? (in /usr/lib/x86_64-linux-gnu/libstdc++.so.6.0.33)
==7328==    by 0x4854B7A: ??? (in /usr/libexec/valgrind/vgpreload_helgrind-amd64-linux.so)
==7328==    by 0x4BB2AA3: start_thread (pthread_create.c:447)
==7328==    by 0x4C3FA33: clone (clone.S:100)
==7328== 
==7328== ----------------------------------------------------------------
==7328== 
==7328== Thread #2: pthread_cond_{signal,broadcast}: dubious: associated lock is not held by any thread
==7328==    at 0x4851E0D: ??? (in /usr/libexec/valgrind/vgpreload_helgrind-amd64-linux.so)
==7328==    by 0x10E8D2: ThreadPool::~ThreadPool() (thread-pool.cc:134)
==7328==    by 0x115618: test_potential_deadlock()::{lambda()#1}::operator()() const (test_custom.cc:279)
==7328==    by 0x128305: void std::__invoke_impl<void, test_potential_deadlock()::{lambda()#1}>(std::__invoke_other, test_potential_deadlock()::{lambda()#1}&&) (invoke.h:61)
==7328==    by 0x128029: std::__invoke_result<test_potential_deadlock()::{lambda()#1}>::type std::__invoke<test_potential_deadlock()::{lambda()#1}>(test_potential_deadlock()::{lambda()#1}&&) (invoke.h:96)
==7328==    by 0x127C45: void std::thread::_Invoker<std::tuple<test_potential_deadlock()::{lambda()#1}> >::_M_invoke<0ul>(std::_Index_tuple<0ul>) (std_thread.h:292)
==7328==    by 0x127A35: std::thread::_Invoker<std::tuple<test_potential_deadlock()::{lambda()#1}> >::operator()() (std_thread.h:299)
==7328==    by 0x1278E5: std::thread::_State_impl<std::thread::_Invoker<std::tuple<test_potential_deadlock()::{lambda()#1}> > >::_M_run() (std_thread.h:244)
==7328==    by 0x4956DB3: ??? (in /usr/lib/x86_64-linux-gnu/libstdc++.so.6.0.33)
==7328==    by 0x4854B7A: ??? (in /usr/libexec/valgrind/vgpreload_helgrind-amd64-linux.so)
==7328==    by 0x4BB2AA3: start_thread (pthread_create.c:447)
==7328==    by 0x4C3FA33: clone (clone.S:100)
==7328== 
==7328== 
==7328== Use --history-level=approx or =none to gain increased speed, at
==7328== the cost of reduced accuracy of conflicting-access information
==7328== For lists of detected and suppressed errors, rerun with: -s
==7328== ERROR SUMMARY: 2 errors from 2 contexts (suppressed: 160 from 34)
[1;31m❌ FAILED[0m
[35m[E05][0m Simulated pendingTasks tracking... ==7333== ---Thread-Announcement------------------------------------------
==7333== 
==7333== Thread #1 is the program's root thread
==7333== 
==7333== ----------------------------------------------------------------
==7333== 
==7333== Thread #1: pthread_cond_{signal,broadcast}: dubious: associated lock is not held by any thread
==7333==    at 0x4851C1D: ??? (in /usr/libexec/valgrind/vgpreload_helgrind-amd64-linux.so)
==7333==    by 0x10E08B: ThreadPool::schedule(std::function<void ()> const&) (thread-pool.cc:37)
==7333==    by 0x1159B1: test_pending_tasks_tracking_simulado() (test_custom.cc:307)
==7333==    by 0x1301FC: bool std::__invoke_impl<bool, bool (*&)()>(std::__invoke_other, bool (*&)()) (invoke.h:61)
==7333==    by 0x12EE9D: std::enable_if<!std::is_void<bool>::value, bool>::type std::__invoke_r<bool, bool (*&)()>(bool (*&)()) (invoke.h:138)
==7333==    by 0x12D567: std::_Function_handler<bool (), bool (*)()>::_M_invoke(std::_Any_data const&) (std_function.h:290)
==7333==    by 0x12B475: std::function<bool ()>::operator()() const (std_function.h:591)
==7333==    by 0x119198: run_test(TestCase const&) (test_custom.cc:866)
==7333==    by 0x11A5E1: main (test_custom.cc:947)
==7333== 
==7333== ----------------------------------------------------------------
==7333== 
==7333== Thread #1: pthread_cond_{signal,broadcast}: dubious: associated lock is not held by any thread
==7333==    at 0x4851E0D: ??? (in /usr/libexec/valgrind/vgpreload_helgrind-amd64-linux.so)
==7333==    by 0x10E8D2: ThreadPool::~ThreadPool() (thread-pool.cc:134)
==7333==    by 0x115A03: test_pending_tasks_tracking_simulado() (test_custom.cc:314)
==7333==    by 0x1301FC: bool std::__invoke_impl<bool, bool (*&)()>(std::__invoke_other, bool (*&)()) (invoke.h:61)
==7333==    by 0x12EE9D: std::enable_if<!std::is_void<bool>::value, bool>::type std::__invoke_r<bool, bool (*&)()>(bool (*&)()) (invoke.h:138)
==7333==    by 0x12D567: std::_Function_handler<bool (), bool (*)()>::_M_invoke(std::_Any_data const&) (std_function.h:290)
==7333==    by 0x12B475: std::function<bool ()>::operator()() const (std_function.h:591)
==7333==    by 0x119198: run_test(TestCase const&) (test_custom.cc:866)
==7333==    by 0x11A5E1: main (test_custom.cc:947)
==7333== 
==7333== 
==7333== Use --history-level=approx or =none to gain increased speed, at
==7333== the cost of reduced accuracy of conflicting-access information
==7333== For lists of detected and suppressed errors, rerun with: -s
==7333== ERROR SUMMARY: 101 errors from 2 contexts (suppressed: 300060 from 23)
[1;31m❌ FAILED[0m
[34m[F01][0m Schedule from multiple threads... ==7340== ---Thread-Announcement------------------------------------------
==7340== 
==7340== Thread #11 was created
==7340==    at 0x4C3FA23: clone (clone.S:76)
==7340==    by 0x4C3FBA2: __clone_internal_fallback (clone-internal.c:64)
==7340==    by 0x4C3FBA2: __clone_internal (clone-internal.c:109)
==7340==    by 0x4BB254F: create_thread (pthread_create.c:297)
==7340==    by 0x4BB31A4: pthread_create@@GLIBC_2.34 (pthread_create.c:836)
==7340==    by 0x4854975: ??? (in /usr/libexec/valgrind/vgpreload_helgrind-amd64-linux.so)
==7340==    by 0x4956EB0: std::thread::_M_start_thread(std::unique_ptr<std::thread::_State, std::default_delete<std::thread::_State> >, void (*)()) (in /usr/lib/x86_64-linux-gnu/libstdc++.so.6.0.33)
==7340==    by 0x1245CE: std::thread::thread<test_schedule_from_multiple_threads()::{lambda()#1}, , void>(test_schedule_from_multiple_threads()::{lambda()#1}&&) (std_thread.h:164)
==7340==    by 0x11DE81: construct<std::thread, test_schedule_from_multiple_threads()::<lambda()> > (new_allocator.h:191)
==7340==    by 0x11DE81: construct<std::thread, test_schedule_from_multiple_threads()::<lambda()> > (alloc_traits.h:538)
==7340==    by 0x11DE81: void std::vector<std::thread, std::allocator<std::thread> >::_M_realloc_insert<test_schedule_from_multiple_threads()::{lambda()#1}>(__gnu_cxx::__normal_iterator<std::thread*, std::vector<std::thread, std::allocator<std::thread> > >, test_schedule_from_multiple_threads()::{lambda()#1}&&) (vector.tcc:468)
==7340==    by 0x11B874: void std::vector<std::thread, std::allocator<std::thread> >::emplace_back<test_schedule_from_multiple_threads()::{lambda()#1}>(test_schedule_from_multiple_threads()::{lambda()#1}&&) (vector.tcc:123)
==7340==    by 0x115BE9: test_schedule_from_multiple_threads() (test_custom.cc:330)
==7340==    by 0x1301FC: bool std::__invoke_impl<bool, bool (*&)()>(std::__invoke_other, bool (*&)()) (invoke.h:61)
==7340==    by 0x12EE9D: std::enable_if<!std::is_void<bool>::value, bool>::type std::__invoke_r<bool, bool (*&)()>(bool (*&)()) (invoke.h:138)
==7340== 
==7340== ----------------------------------------------------------------
==7340== 
==7340== Thread #11: pthread_cond_{signal,broadcast}: dubious: associated lock is not held by any thread
==7340==    at 0x4851C1D: ??? (in /usr/libexec/valgrind/vgpreload_helgrind-amd64-linux.so)
==7340==    by 0x10E08B: ThreadPool::schedule(std::function<void ()> const&) (thread-pool.cc:37)
==7340==    by 0x115AEB: test_schedule_from_multiple_threads()::{lambda()#1}::operator()() const (test_custom.cc:332)
==7340==    by 0x12811D: void std::__invoke_impl<void, test_schedule_from_multiple_threads()::{lambda()#1}>(std::__invoke_other, test_schedule_from_multiple_threads()::{lambda()#1}&&) (invoke.h:61)
==7340==    by 0x127D91: std::__invoke_result<test_schedule_from_multiple_threads()::{lambda()#1}>::type std::__invoke<test_schedule_from_multiple_threads()::{lambda()#1}>(test_schedule_from_multiple_threads()::{lambda()#1}&&) (invoke.h:96)
==7340==    by 0x127AE5: void std::thread::_Invoker<std::tuple<test_schedule_from_multiple_threads()::{lambda()#1}> >::_M_invoke<0ul>(std::_Index_tuple<0ul>) (std_thread.h:292)
==7340==    by 0x127955: std::thread::_Invoker<std::tuple<test_schedule_from_multiple_threads()::{lambda()#1}> >::operator()() (std_thread.h:299)
==7340==    by 0x1277C5: std::thread::_State_impl<std::thread::_Invoker<std::tuple<test_schedule_from_multiple_threads()::{lambda()#1}> > >::_M_run() (std_thread.h:244)
==7340==    by 0x4956DB3: ??? (in /usr/lib/x86_64-linux-gnu/libstdc++.so.6.0.33)
==7340==    by 0x4854B7A: ??? (in /usr/libexec/valgrind/vgpreload_helgrind-amd64-linux.so)
==7340==    by 0x4BB2AA3: start_thread (pthread_create.c:447)
==7340==    by 0x4C3FA33: clone (clone.S:100)
==7340== 
==7340== ---Thread-Announcement------------------------------------------
==7340== 
==7340== Thread #13 was created
==7340==    at 0x4C3FA23: clone (clone.S:76)
==7340==    by 0x4C3FBA2: __clone_internal_fallback (clone-internal.c:64)
==7340==    by 0x4C3FBA2: __clone_internal (clone-internal.c:109)
==7340==    by 0x4BB254F: create_thread (pthread_create.c:297)
==7340==    by 0x4BB31A4: pthread_create@@GLIBC_2.34 (pthread_create.c:836)
==7340==    by 0x4854975: ??? (in /usr/libexec/valgrind/vgpreload_helgrind-amd64-linux.so)
==7340==    by 0x4956EB0: std::thread::_M_start_thread(std::unique_ptr<std::thread::_State, std::default_delete<std::thread::_State> >, void (*)()) (in /usr/lib/x86_64-linux-gnu/libstdc++.so.6.0.33)
==7340==    by 0x1245CE: std::thread::thread<test_schedule_from_multiple_threads()::{lambda()#1}, , void>(test_schedule_from_multiple_threads()::{lambda()#1}&&) (std_thread.h:164)
==7340==    by 0x11DE81: construct<std::thread, test_schedule_from_multiple_threads()::<lambda()> > (new_allocator.h:191)
==7340==    by 0x11DE81: construct<std::thread, test_schedule_from_multiple_threads()::<lambda()> > (alloc_traits.h:538)
==7340==    by 0x11DE81: void std::vector<std::thread, std::allocator<std::thread> >::_M_realloc_insert<test_schedule_from_multiple_threads()::{lambda()#1}>(__gnu_cxx::__normal_iterator<std::thread*, std::vector<std::thread, std::allocator<std::thread> > >, test_schedule_from_multiple_threads()::{lambda()#1}&&) (vector.tcc:468)
==7340==    by 0x11B874: void std::vector<std::thread, std::allocator<std::thread> >::emplace_back<test_schedule_from_multiple_threads()::{lambda()#1}>(test_schedule_from_multiple_threads()::{lambda()#1}&&) (vector.tcc:123)
==7340==    by 0x115BE9: test_schedule_from_multiple_threads() (test_custom.cc:330)
==7340==    by 0x1301FC: bool std::__invoke_impl<bool, bool (*&)()>(std::__invoke_other, bool (*&)()) (invoke.h:61)
==7340==    by 0x12EE9D: std::enable_if<!std::is_void<bool>::value, bool>::type std::__invoke_r<bool, bool (*&)()>(bool (*&)()) (invoke.h:138)
==7340== 
==7340== ----------------------------------------------------------------
==7340== 
==7340== Thread #13: pthread_cond_{signal,broadcast}: dubious: associated lock is not held by any thread
==7340==    at 0x4851C1D: ??? (in /usr/libexec/valgrind/vgpreload_helgrind-amd64-linux.so)
==7340==    by 0x10E08B: ThreadPool::schedule(std::function<void ()> const&) (thread-pool.cc:37)
==7340==    by 0x115AEB: test_schedule_from_multiple_threads()::{lambda()#1}::operator()() const (test_custom.cc:332)
==7340==    by 0x12811D: void std::__invoke_impl<void, test_schedule_from_multiple_threads()::{lambda()#1}>(std::__invoke_other, test_schedule_from_multiple_threads()::{lambda()#1}&&) (invoke.h:61)
==7340==    by 0x127D91: std::__invoke_result<test_schedule_from_multiple_threads()::{lambda()#1}>::type std::__invoke<test_schedule_from_multiple_threads()::{lambda()#1}>(test_schedule_from_multiple_threads()::{lambda()#1}&&) (invoke.h:96)
==7340==    by 0x127AE5: void std::thread::_Invoker<std::tuple<test_schedule_from_multiple_threads()::{lambda()#1}> >::_M_invoke<0ul>(std::_Index_tuple<0ul>) (std_thread.h:292)
==7340==    by 0x127955: std::thread::_Invoker<std::tuple<test_schedule_from_multiple_threads()::{lambda()#1}> >::operator()() (std_thread.h:299)
==7340==    by 0x1277C5: std::thread::_State_impl<std::thread::_Invoker<std::tuple<test_schedule_from_multiple_threads()::{lambda()#1}> > >::_M_run() (std_thread.h:244)
==7340==    by 0x4956DB3: ??? (in /usr/lib/x86_64-linux-gnu/libstdc++.so.6.0.33)
==7340==    by 0x4854B7A: ??? (in /usr/libexec/valgrind/vgpreload_helgrind-amd64-linux.so)
==7340==    by 0x4BB2AA3: start_thread (pthread_create.c:447)
==7340==    by 0x4C3FA33: clone (clone.S:100)
==7340== 
==7340== ---Thread-Announcement------------------------------------------
==7340== 
==7340== Thread #12 was created
==7340==    at 0x4C3FA23: clone (clone.S:76)
==7340==    by 0x4C3FBA2: __clone_internal_fallback (clone-internal.c:64)
==7340==    by 0x4C3FBA2: __clone_internal (clone-internal.c:109)
==7340==    by 0x4BB254F: create_thread (pthread_create.c:297)
==7340==    by 0x4BB31A4: pthread_create@@GLIBC_2.34 (pthread_create.c:836)
==7340==    by 0x4854975: ??? (in /usr/libexec/valgrind/vgpreload_helgrind-amd64-linux.so)
==7340==    by 0x4956EB0: std::thread::_M_start_thread(std::unique_ptr<std::thread::_State, std::default_delete<std::thread::_State> >, void (*)()) (in /usr/lib/x86_64-linux-gnu/libstdc++.so.6.0.33)
==7340==    by 0x1245CE: std::thread::thread<test_schedule_from_multiple_threads()::{lambda()#1}, , void>(test_schedule_from_multiple_threads()::{lambda()#1}&&) (std_thread.h:164)
==7340==    by 0x11DE81: construct<std::thread, test_schedule_from_multiple_threads()::<lambda()> > (new_allocator.h:191)
==7340==    by 0x11DE81: construct<std::thread, test_schedule_from_multiple_threads()::<lambda()> > (alloc_traits.h:538)
==7340==    by 0x11DE81: void std::vector<std::thread, std::allocator<std::thread> >::_M_realloc_insert<test_schedule_from_multiple_threads()::{lambda()#1}>(__gnu_cxx::__normal_iterator<std::thread*, std::vector<std::thread, std::allocator<std::thread> > >, test_schedule_from_multiple_threads()::{lambda()#1}&&) (vector.tcc:468)
==7340==    by 0x11B874: void std::vector<std::thread, std::allocator<std::thread> >::emplace_back<test_schedule_from_multiple_threads()::{lambda()#1}>(test_schedule_from_multiple_threads()::{lambda()#1}&&) (vector.tcc:123)
==7340==    by 0x115BE9: test_schedule_from_multiple_threads() (test_custom.cc:330)
==7340==    by 0x1301FC: bool std::__invoke_impl<bool, bool (*&)()>(std::__invoke_other, bool (*&)()) (invoke.h:61)
==7340==    by 0x12EE9D: std::enable_if<!std::is_void<bool>::value, bool>::type std::__invoke_r<bool, bool (*&)()>(bool (*&)()) (invoke.h:138)
==7340== 
==7340== ----------------------------------------------------------------
==7340== 
==7340== Thread #12: pthread_cond_{signal,broadcast}: dubious: associated lock is not held by any thread
==7340==    at 0x4851C1D: ??? (in /usr/libexec/valgrind/vgpreload_helgrind-amd64-linux.so)
==7340==    by 0x10E08B: ThreadPool::schedule(std::function<void ()> const&) (thread-pool.cc:37)
==7340==    by 0x115AEB: test_schedule_from_multiple_threads()::{lambda()#1}::operator()() const (test_custom.cc:332)
==7340==    by 0x12811D: void std::__invoke_impl<void, test_schedule_from_multiple_threads()::{lambda()#1}>(std::__invoke_other, test_schedule_from_multiple_threads()::{lambda()#1}&&) (invoke.h:61)
==7340==    by 0x127D91: std::__invoke_result<test_schedule_from_multiple_threads()::{lambda()#1}>::type std::__invoke<test_schedule_from_multiple_threads()::{lambda()#1}>(test_schedule_from_multiple_threads()::{lambda()#1}&&) (invoke.h:96)
==7340==    by 0x127AE5: void std::thread::_Invoker<std::tuple<test_schedule_from_multiple_threads()::{lambda()#1}> >::_M_invoke<0ul>(std::_Index_tuple<0ul>) (std_thread.h:292)
==7340==    by 0x127955: std::thread::_Invoker<std::tuple<test_schedule_from_multiple_threads()::{lambda()#1}> >::operator()() (std_thread.h:299)
==7340==    by 0x1277C5: std::thread::_State_impl<std::thread::_Invoker<std::tuple<test_schedule_from_multiple_threads()::{lambda()#1}> > >::_M_run() (std_thread.h:244)
==7340==    by 0x4956DB3: ??? (in /usr/lib/x86_64-linux-gnu/libstdc++.so.6.0.33)
==7340==    by 0x4854B7A: ??? (in /usr/libexec/valgrind/vgpreload_helgrind-amd64-linux.so)
==7340==    by 0x4BB2AA3: start_thread (pthread_create.c:447)
==7340==    by 0x4C3FA33: clone (clone.S:100)
==7340== 
==7340== ---Thread-Announcement------------------------------------------
==7340== 
==7340== Thread #14 was created
==7340==    at 0x4C3FA23: clone (clone.S:76)
==7340==    by 0x4C3FBA2: __clone_internal_fallback (clone-internal.c:64)
==7340==    by 0x4C3FBA2: __clone_internal (clone-internal.c:109)
==7340==    by 0x4BB254F: create_thread (pthread_create.c:297)
==7340==    by 0x4BB31A4: pthread_create@@GLIBC_2.34 (pthread_create.c:836)
==7340==    by 0x4854975: ??? (in /usr/libexec/valgrind/vgpreload_helgrind-amd64-linux.so)
==7340==    by 0x4956EB0: std::thread::_M_start_thread(std::unique_ptr<std::thread::_State, std::default_delete<std::thread::_State> >, void (*)()) (in /usr/lib/x86_64-linux-gnu/libstdc++.so.6.0.33)
==7340==    by 0x1245CE: std::thread::thread<test_schedule_from_multiple_threads()::{lambda()#1}, , void>(test_schedule_from_multiple_threads()::{lambda()#1}&&) (std_thread.h:164)
==7340==    by 0x11B80A: construct<std::thread, test_schedule_from_multiple_threads()::<lambda()> > (new_allocator.h:191)
==7340==    by 0x11B80A: construct<std::thread, test_schedule_from_multiple_threads()::<lambda()> > (alloc_traits.h:538)
==7340==    by 0x11B80A: void std::vector<std::thread, std::allocator<std::thread> >::emplace_back<test_schedule_from_multiple_threads()::{lambda()#1}>(test_schedule_from_multiple_threads()::{lambda()#1}&&) (vector.tcc:117)
==7340==    by 0x115BE9: test_schedule_from_multiple_threads() (test_custom.cc:330)
==7340==    by 0x1301FC: bool std::__invoke_impl<bool, bool (*&)()>(std::__invoke_other, bool (*&)()) (invoke.h:61)
==7340==    by 0x12EE9D: std::enable_if<!std::is_void<bool>::value, bool>::type std::__invoke_r<bool, bool (*&)()>(bool (*&)()) (invoke.h:138)
==7340==    by 0x12D567: std::_Function_handler<bool (), bool (*)()>::_M_invoke(std::_Any_data const&) (std_function.h:290)
==7340== 
==7340== ----------------------------------------------------------------
==7340== 
==7340== Thread #14: pthread_cond_{signal,broadcast}: dubious: associated lock is not held by any thread
==7340==    at 0x4851C1D: ??? (in /usr/libexec/valgrind/vgpreload_helgrind-amd64-linux.so)
==7340==    by 0x10E08B: ThreadPool::schedule(std::function<void ()> const&) (thread-pool.cc:37)
==7340==    by 0x115AEB: test_schedule_from_multiple_threads()::{lambda()#1}::operator()() const (test_custom.cc:332)
==7340==    by 0x12811D: void std::__invoke_impl<void, test_schedule_from_multiple_threads()::{lambda()#1}>(std::__invoke_other, test_schedule_from_multiple_threads()::{lambda()#1}&&) (invoke.h:61)
==7340==    by 0x127D91: std::__invoke_result<test_schedule_from_multiple_threads()::{lambda()#1}>::type std::__invoke<test_schedule_from_multiple_threads()::{lambda()#1}>(test_schedule_from_multiple_threads()::{lambda()#1}&&) (invoke.h:96)
==7340==    by 0x127AE5: void std::thread::_Invoker<std::tuple<test_schedule_from_multiple_threads()::{lambda()#1}> >::_M_invoke<0ul>(std::_Index_tuple<0ul>) (std_thread.h:292)
==7340==    by 0x127955: std::thread::_Invoker<std::tuple<test_schedule_from_multiple_threads()::{lambda()#1}> >::operator()() (std_thread.h:299)
==7340==    by 0x1277C5: std::thread::_State_impl<std::thread::_Invoker<std::tuple<test_schedule_from_multiple_threads()::{lambda()#1}> > >::_M_run() (std_thread.h:244)
==7340==    by 0x4956DB3: ??? (in /usr/lib/x86_64-linux-gnu/libstdc++.so.6.0.33)
==7340==    by 0x4854B7A: ??? (in /usr/libexec/valgrind/vgpreload_helgrind-amd64-linux.so)
==7340==    by 0x4BB2AA3: start_thread (pthread_create.c:447)
==7340==    by 0x4C3FA33: clone (clone.S:100)
==7340== 
==7340== ---Thread-Announcement------------------------------------------
==7340== 
==7340== Thread #1 is the program's root thread
==7340== 
==7340== ----------------------------------------------------------------
==7340== 
==7340== Thread #1: pthread_cond_{signal,broadcast}: dubious: associated lock is not held by any thread
==7340==    at 0x4851E0D: ??? (in /usr/libexec/valgrind/vgpreload_helgrind-amd64-linux.so)
==7340==    by 0x10E8D2: ThreadPool::~ThreadPool() (thread-pool.cc:134)
==7340==    by 0x115CCA: test_schedule_from_multiple_threads() (test_custom.cc:341)
==7340==    by 0x1301FC: bool std::__invoke_impl<bool, bool (*&)()>(std::__invoke_other, bool (*&)()) (invoke.h:61)
==7340==    by 0x12EE9D: std::enable_if<!std::is_void<bool>::value, bool>::type std::__invoke_r<bool, bool (*&)()>(bool (*&)()) (invoke.h:138)
==7340==    by 0x12D567: std::_Function_handler<bool (), bool (*)()>::_M_invoke(std::_Any_data const&) (std_function.h:290)
==7340==    by 0x12B475: std::function<bool ()>::operator()() const (std_function.h:591)
==7340==    by 0x119198: run_test(TestCase const&) (test_custom.cc:866)
==7340==    by 0x11A5E1: main (test_custom.cc:947)
==7340== 
==7340== 
==7340== Use --history-level=approx or =none to gain increased speed, at
==7340== the cost of reduced accuracy of conflicting-access information
==7340== For lists of detected and suppressed errors, rerun with: -s
==7340== ERROR SUMMARY: 2001 errors from 5 contexts (suppressed: 232505 from 32)
[1;31m❌ FAILED[0m
[34m[F02][0m Schedule after destruction (invalid use)... ==7363== ---Thread-Announcement------------------------------------------
==7363== 
==7363== Thread #1 is the program's root thread
==7363== 
==7363== ----------------------------------------------------------------
==7363== 
==7363== Thread #1: pthread_cond_{signal,broadcast}: dubious: associated lock is not held by any thread
==7363==    at 0x4851C1D: ??? (in /usr/libexec/valgrind/vgpreload_helgrind-amd64-linux.so)
==7363==    by 0x10E08B: ThreadPool::schedule(std::function<void ()> const&) (thread-pool.cc:37)
==7363==    by 0x115DBA: test_schedule_after_destruction() (test_custom.cc:349)
==7363==    by 0x1301FC: bool std::__invoke_impl<bool, bool (*&)()>(std::__invoke_other, bool (*&)()) (invoke.h:61)
==7363==    by 0x12EE9D: std::enable_if<!std::is_void<bool>::value, bool>::type std::__invoke_r<bool, bool (*&)()>(bool (*&)()) (invoke.h:138)
==7363==    by 0x12D567: std::_Function_handler<bool (), bool (*)()>::_M_invoke(std::_Any_data const&) (std_function.h:290)
==7363==    by 0x12B475: std::function<bool ()>::operator()() const (std_function.h:591)
==7363==    by 0x119198: run_test(TestCase const&) (test_custom.cc:866)
==7363==    by 0x11A5E1: main (test_custom.cc:947)
==7363== 
==7363== ----------------------------------------------------------------
==7363== 
==7363== Thread #1: pthread_cond_{signal,broadcast}: dubious: associated lock is not held by any thread
==7363==    at 0x4851E0D: ??? (in /usr/libexec/valgrind/vgpreload_helgrind-amd64-linux.so)
==7363==    by 0x10E8D2: ThreadPool::~ThreadPool() (thread-pool.cc:134)
==7363==    by 0x115DE3: test_schedule_after_destruction() (test_custom.cc:353)
==7363==    by 0x1301FC: bool std::__invoke_impl<bool, bool (*&)()>(std::__invoke_other, bool (*&)()) (invoke.h:61)
==7363==    by 0x12EE9D: std::enable_if<!std::is_void<bool>::value, bool>::type std::__invoke_r<bool, bool (*&)()>(bool (*&)()) (invoke.h:138)
==7363==    by 0x12D567: std::_Function_handler<bool (), bool (*)()>::_M_invoke(std::_Any_data const&) (std_function.h:290)
==7363==    by 0x12B475: std::function<bool ()>::operator()() const (std_function.h:591)
==7363==    by 0x119198: run_test(TestCase const&) (test_custom.cc:866)
==7363==    by 0x11A5E1: main (test_custom.cc:947)
==7363== 
==7363== 
==7363== Use --history-level=approx or =none to gain increased speed, at
==7363== the cost of reduced accuracy of conflicting-access information
==7363== For lists of detected and suppressed errors, rerun with: -s
==7363== ERROR SUMMARY: 2 errors from 2 contexts (suppressed: 135 from 23)
[1;31m❌ FAILED[0m
[34m[F03][0m Schedule inside another task... ==7368== ---Thread-Announcement------------------------------------------
==7368== 
==7368== Thread #1 is the program's root thread
==7368== 
==7368== ----------------------------------------------------------------
==7368== 
==7368== Thread #1: pthread_cond_{signal,broadcast}: dubious: associated lock is not held by any thread
==7368==    at 0x4851C1D: ??? (in /usr/libexec/valgrind/vgpreload_helgrind-amd64-linux.so)
==7368==    by 0x10E08B: ThreadPool::schedule(std::function<void ()> const&) (thread-pool.cc:37)
==7368==    by 0x11605F: test_schedule_inside_task() (test_custom.cc:370)
==7368==    by 0x1301FC: bool std::__invoke_impl<bool, bool (*&)()>(std::__invoke_other, bool (*&)()) (invoke.h:61)
==7368==    by 0x12EE9D: std::enable_if<!std::is_void<bool>::value, bool>::type std::__invoke_r<bool, bool (*&)()>(bool (*&)()) (invoke.h:138)
==7368==    by 0x12D567: std::_Function_handler<bool (), bool (*)()>::_M_invoke(std::_Any_data const&) (std_function.h:290)
==7368==    by 0x12B475: std::function<bool ()>::operator()() const (std_function.h:591)
==7368==    by 0x119198: run_test(TestCase const&) (test_custom.cc:866)
==7368==    by 0x11A5E1: main (test_custom.cc:947)
==7368== 
==7368== ---Thread-Announcement------------------------------------------
==7368== 
==7368== Thread #2 was created
==7368==    at 0x4C3FA23: clone (clone.S:76)
==7368==    by 0x4C3FBA2: __clone_internal_fallback (clone-internal.c:64)
==7368==    by 0x4C3FBA2: __clone_internal (clone-internal.c:109)
==7368==    by 0x4BB254F: create_thread (pthread_create.c:297)
==7368==    by 0x4BB31A4: pthread_create@@GLIBC_2.34 (pthread_create.c:836)
==7368==    by 0x4854975: ??? (in /usr/libexec/valgrind/vgpreload_helgrind-amd64-linux.so)
==7368==    by 0x4956EB0: std::thread::_M_start_thread(std::unique_ptr<std::thread::_State, std::default_delete<std::thread::_State> >, void (*)()) (in /usr/lib/x86_64-linux-gnu/libstdc++.so.6.0.33)
==7368==    by 0x10EA9A: std::thread::thread<ThreadPool::ThreadPool(unsigned long)::{lambda()#1}, , void>(ThreadPool::ThreadPool(unsigned long)::{lambda()#1}&&) (std_thread.h:164)
==7368==    by 0x10DDEF: ThreadPool::ThreadPool(unsigned long) (thread-pool.cc:17)
==7368==    by 0x115FF2: test_schedule_inside_task() (test_custom.cc:366)
==7368==    by 0x1301FC: bool std::__invoke_impl<bool, bool (*&)()>(std::__invoke_other, bool (*&)()) (invoke.h:61)
==7368==    by 0x12EE9D: std::enable_if<!std::is_void<bool>::value, bool>::type std::__invoke_r<bool, bool (*&)()>(bool (*&)()) (invoke.h:138)
==7368==    by 0x12D567: std::_Function_handler<bool (), bool (*)()>::_M_invoke(std::_Any_data const&) (std_function.h:290)
==7368== 
==7368== ----------------------------------------------------------------
==7368== 
==7368== Thread #2: pthread_cond_{signal,broadcast}: dubious: associated lock is not held by any thread
==7368==    at 0x4851C1D: ??? (in /usr/libexec/valgrind/vgpreload_helgrind-amd64-linux.so)
==7368==    by 0x10E08B: ThreadPool::schedule(std::function<void ()> const&) (thread-pool.cc:37)
==7368==    by 0x115F64: test_schedule_inside_task()::{lambda()#1}::operator()() const (test_custom.cc:372)
==7368==    by 0x12487F: void std::__invoke_impl<void, test_schedule_inside_task()::{lambda()#1}&>(std::__invoke_other, test_schedule_inside_task()::{lambda()#1}&) (invoke.h:61)
==7368==    by 0x12206D: std::enable_if<std::is_void<void>::value, void>::type std::__invoke_r<void, test_schedule_inside_task()::{lambda()#1}&>(test_schedule_inside_task()::{lambda()#1}&) (invoke.h:150)
==7368==    by 0x11E51A: std::_Function_handler<void (), test_schedule_inside_task()::{lambda()#1}>::_M_invoke(std::_Any_data const&) (std_function.h:290)
==7368==    by 0x110179: std::function<void ()>::operator()() const (std_function.h:591)
==7368==    by 0x10E694: ThreadPool::worker(int) (thread-pool.cc:109)
==7368==    by 0x10DC3A: ThreadPool::ThreadPool(unsigned long)::{lambda()#1}::operator()() const (thread-pool.cc:17)
==7368==    by 0x10F1C5: void std::__invoke_impl<void, ThreadPool::ThreadPool(unsigned long)::{lambda()#1}>(std::__invoke_other, ThreadPool::ThreadPool(unsigned long)::{lambda()#1}&&) (invoke.h:61)
==7368==    by 0x10F14B: std::__invoke_result<ThreadPool::ThreadPool(unsigned long)::{lambda()#1}>::type std::__invoke<ThreadPool::ThreadPool(unsigned long)::{lambda()#1}>(ThreadPool::ThreadPool(unsigned long)::{lambda()#1}&&) (invoke.h:96)
==7368==    by 0x10F0A5: void std::thread::_Invoker<std::tuple<ThreadPool::ThreadPool(unsigned long)::{lambda()#1}> >::_M_invoke<0ul>(std::_Index_tuple<0ul>) (std_thread.h:292)
==7368== 
==7368== ----------------------------------------------------------------
==7368== 
==7368== Thread #1: pthread_cond_{signal,broadcast}: dubious: associated lock is not held by any thread
==7368==    at 0x4851E0D: ??? (in /usr/libexec/valgrind/vgpreload_helgrind-amd64-linux.so)
==7368==    by 0x10E8D2: ThreadPool::~ThreadPool() (thread-pool.cc:134)
==7368==    by 0x11612E: test_schedule_inside_task() (test_custom.cc:386)
==7368==    by 0x1301FC: bool std::__invoke_impl<bool, bool (*&)()>(std::__invoke_other, bool (*&)()) (invoke.h:61)
==7368==    by 0x12EE9D: std::enable_if<!std::is_void<bool>::value, bool>::type std::__invoke_r<bool, bool (*&)()>(bool (*&)()) (invoke.h:138)
==7368==    by 0x12D567: std::_Function_handler<bool (), bool (*)()>::_M_invoke(std::_Any_data const&) (std_function.h:290)
==7368==    by 0x12B475: std::function<bool ()>::operator()() const (std_function.h:591)
==7368==    by 0x119198: run_test(TestCase const&) (test_custom.cc:866)
==7368==    by 0x11A5E1: main (test_custom.cc:947)
==7368== 
==7368== 
==7368== Use --history-level=approx or =none to gain increased speed, at
==7368== the cost of reduced accuracy of conflicting-access information
==7368== For lists of detected and suppressed errors, rerun with: -s
==7368== ERROR SUMMARY: 3 errors from 3 contexts (suppressed: 247 from 26)
[1;31m❌ FAILED[0m
[34m[F04][0m Wait blocks until all tasks finish... ==7374== ---Thread-Announcement------------------------------------------
==7374== 
==7374== Thread #1 is the program's root thread
==7374== 
==7374== ----------------------------------------------------------------
==7374== 
==7374== Thread #1: pthread_cond_{signal,broadcast}: dubious: associated lock is not held by any thread
==7374==    at 0x4851C1D: ??? (in /usr/libexec/valgrind/vgpreload_helgrind-amd64-linux.so)
==7374==    by 0x10E08B: ThreadPool::schedule(std::function<void ()> const&) (thread-pool.cc:37)
==7374==    by 0x116240: test_wait_blocks_until_finish() (test_custom.cc:394)
==7374==    by 0x1301FC: bool std::__invoke_impl<bool, bool (*&)()>(std::__invoke_other, bool (*&)()) (invoke.h:61)
==7374==    by 0x12EE9D: std::enable_if<!std::is_void<bool>::value, bool>::type std::__invoke_r<bool, bool (*&)()>(bool (*&)()) (invoke.h:138)
==7374==    by 0x12D567: std::_Function_handler<bool (), bool (*)()>::_M_invoke(std::_Any_data const&) (std_function.h:290)
==7374==    by 0x12B475: std::function<bool ()>::operator()() const (std_function.h:591)
==7374==    by 0x119198: run_test(TestCase const&) (test_custom.cc:866)
==7374==    by 0x11A5E1: main (test_custom.cc:947)
==7374== 
==7374== ----------------------------------------------------------------
==7374== 
==7374== Thread #1: pthread_cond_{signal,broadcast}: dubious: associated lock is not held by any thread
==7374==    at 0x4851E0D: ??? (in /usr/libexec/valgrind/vgpreload_helgrind-amd64-linux.so)
==7374==    by 0x10E8D2: ThreadPool::~ThreadPool() (thread-pool.cc:134)
==7374==    by 0x116284: test_wait_blocks_until_finish() (test_custom.cc:400)
==7374==    by 0x1301FC: bool std::__invoke_impl<bool, bool (*&)()>(std::__invoke_other, bool (*&)()) (invoke.h:61)
==7374==    by 0x12EE9D: std::enable_if<!std::is_void<bool>::value, bool>::type std::__invoke_r<bool, bool (*&)()>(bool (*&)()) (invoke.h:138)
==7374==    by 0x12D567: std::_Function_handler<bool (), bool (*)()>::_M_invoke(std::_Any_data const&) (std_function.h:290)
==7374==    by 0x12B475: std::function<bool ()>::operator()() const (std_function.h:591)
==7374==    by 0x119198: run_test(TestCase const&) (test_custom.cc:866)
==7374==    by 0x11A5E1: main (test_custom.cc:947)
==7374== 
==7374== 
==7374== Use --history-level=approx or =none to gain increased speed, at
==7374== the cost of reduced accuracy of conflicting-access information
==7374== For lists of detected and suppressed errors, rerun with: -s
==7374== ERROR SUMMARY: 2 errors from 2 contexts (suppressed: 135 from 23)
[1;31m❌ FAILED[0m
[34m[F06][0m Many waits in parallel... ==7378== ---Thread-Announcement------------------------------------------
==7378== 
==7378== Thread #1 is the program's root thread
==7378== 
==7378== ----------------------------------------------------------------
==7378== 
==7378== Thread #1: pthread_cond_{signal,broadcast}: dubious: associated lock is not held by any thread
==7378==    at 0x4851C1D: ??? (in /usr/libexec/valgrind/vgpreload_helgrind-amd64-linux.so)
==7378==    by 0x10E08B: ThreadPool::schedule(std::function<void ()> const&) (thread-pool.cc:37)
==7378==    by 0x11644D: test_many_waits_during_execution() (test_custom.cc:411)
==7378==    by 0x1301FC: bool std::__invoke_impl<bool, bool (*&)()>(std::__invoke_other, bool (*&)()) (invoke.h:61)
==7378==    by 0x12EE9D: std::enable_if<!std::is_void<bool>::value, bool>::type std::__invoke_r<bool, bool (*&)()>(bool (*&)()) (invoke.h:138)
==7378==    by 0x12D567: std::_Function_handler<bool (), bool (*)()>::_M_invoke(std::_Any_data const&) (std_function.h:290)
==7378==    by 0x12B475: std::function<bool ()>::operator()() const (std_function.h:591)
==7378==    by 0x119198: run_test(TestCase const&) (test_custom.cc:866)
==7378==    by 0x11A5E1: main (test_custom.cc:947)
==7378== 
==7378== ----------------------------------------------------------------
==7378== 
==7378== Thread #1: pthread_cond_{signal,broadcast}: dubious: associated lock is not held by any thread
==7378==    at 0x4851E0D: ??? (in /usr/libexec/valgrind/vgpreload_helgrind-amd64-linux.so)
==7378==    by 0x10E8D2: ThreadPool::~ThreadPool() (thread-pool.cc:134)
==7378==    by 0x116716: test_many_waits_during_execution() (test_custom.cc:445)
==7378==    by 0x1301FC: bool std::__invoke_impl<bool, bool (*&)()>(std::__invoke_other, bool (*&)()) (invoke.h:61)
==7378==    by 0x12EE9D: std::enable_if<!std::is_void<bool>::value, bool>::type std::__invoke_r<bool, bool (*&)()>(bool (*&)()) (invoke.h:138)
==7378==    by 0x12D567: std::_Function_handler<bool (), bool (*)()>::_M_invoke(std::_Any_data const&) (std_function.h:290)
==7378==    by 0x12B475: std::function<bool ()>::operator()() const (std_function.h:591)
==7378==    by 0x119198: run_test(TestCase const&) (test_custom.cc:866)
==7378==    by 0x11A5E1: main (test_custom.cc:947)
==7378== 
==7378== 
==7378== Use --history-level=approx or =none to gain increased speed, at
==7378== the cost of reduced accuracy of conflicting-access information
==7378== For lists of detected and suppressed errors, rerun with: -s
==7378== ERROR SUMMARY: 51 errors from 2 contexts (suppressed: 128419 from 23)
[1;31m❌ FAILED[0m
[34m[F07][0m High contention on atomic counter... ==7389== ---Thread-Announcement------------------------------------------
==7389== 
==7389== Thread #1 is the program's root thread
==7389== 
==7389== ----------------------------------------------------------------
==7389== 
==7389== Thread #1: pthread_cond_{signal,broadcast}: dubious: associated lock is not held by any thread
==7389==    at 0x4851C1D: ??? (in /usr/libexec/valgrind/vgpreload_helgrind-amd64-linux.so)
==7389==    by 0x10E08B: ThreadPool::schedule(std::function<void ()> const&) (thread-pool.cc:37)
==7389==    by 0x116847: test_high_contention_atomic_updates() (test_custom.cc:457)
==7389==    by 0x1301FC: bool std::__invoke_impl<bool, bool (*&)()>(std::__invoke_other, bool (*&)()) (invoke.h:61)
==7389==    by 0x12EE9D: std::enable_if<!std::is_void<bool>::value, bool>::type std::__invoke_r<bool, bool (*&)()>(bool (*&)()) (invoke.h:138)
==7389==    by 0x12D567: std::_Function_handler<bool (), bool (*)()>::_M_invoke(std::_Any_data const&) (std_function.h:290)
==7389==    by 0x12B475: std::function<bool ()>::operator()() const (std_function.h:591)
==7389==    by 0x119198: run_test(TestCase const&) (test_custom.cc:866)
==7389==    by 0x11A5E1: main (test_custom.cc:947)
==7389== 
==7389== ----------------------------------------------------------------
==7389== 
==7389== Thread #1: pthread_cond_{signal,broadcast}: dubious: associated lock is not held by any thread
==7389==    at 0x4851E0D: ??? (in /usr/libexec/valgrind/vgpreload_helgrind-amd64-linux.so)
==7389==    by 0x10E8D2: ThreadPool::~ThreadPool() (thread-pool.cc:134)
==7389==    by 0x11689E: test_high_contention_atomic_updates() (test_custom.cc:463)
==7389==    by 0x1301FC: bool std::__invoke_impl<bool, bool (*&)()>(std::__invoke_other, bool (*&)()) (invoke.h:61)
==7389==    by 0x12EE9D: std::enable_if<!std::is_void<bool>::value, bool>::type std::__invoke_r<bool, bool (*&)()>(bool (*&)()) (invoke.h:138)
==7389==    by 0x12D567: std::_Function_handler<bool (), bool (*)()>::_M_invoke(std::_Any_data const&) (std_function.h:290)
==7389==    by 0x12B475: std::function<bool ()>::operator()() const (std_function.h:591)
==7389==    by 0x119198: run_test(TestCase const&) (test_custom.cc:866)
==7389==    by 0x11A5E1: main (test_custom.cc:947)
==7389== 
==7389== 
==7389== Use --history-level=approx or =none to gain increased speed, at
==7389== the cost of reduced accuracy of conflicting-access information
==7389== For lists of detected and suppressed errors, rerun with: -s
==7389== ERROR SUMMARY: 1001 errors from 2 contexts (suppressed: 310323 from 23)
[1;31m❌ FAILED[0m
[34m[F08][0m Destroy pool immediately after scheduling... ==7403== ---Thread-Announcement------------------------------------------
==7403== 
==7403== Thread #1 is the program's root thread
==7403== 
==7403== ----------------------------------------------------------------
==7403== 
==7403== Thread #1: pthread_cond_{signal,broadcast}: dubious: associated lock is not held by any thread
==7403==    at 0x4851C1D: ??? (in /usr/libexec/valgrind/vgpreload_helgrind-amd64-linux.so)
==7403==    by 0x10E08B: ThreadPool::schedule(std::function<void ()> const&) (thread-pool.cc:37)
==7403==    by 0x116993: test_immediate_destruction_after_schedule() (test_custom.cc:472)
==7403==    by 0x1301FC: bool std::__invoke_impl<bool, bool (*&)()>(std::__invoke_other, bool (*&)()) (invoke.h:61)
==7403==    by 0x12EE9D: std::enable_if<!std::is_void<bool>::value, bool>::type std::__invoke_r<bool, bool (*&)()>(bool (*&)()) (invoke.h:138)
==7403==    by 0x12D567: std::_Function_handler<bool (), bool (*)()>::_M_invoke(std::_Any_data const&) (std_function.h:290)
==7403==    by 0x12B475: std::function<bool ()>::operator()() const (std_function.h:591)
==7403==    by 0x119198: run_test(TestCase const&) (test_custom.cc:866)
==7403==    by 0x11A5E1: main (test_custom.cc:947)
==7403== 
==7403== ----------------------------------------------------------------
==7403== 
==7403== Thread #1: pthread_cond_{signal,broadcast}: dubious: associated lock is not held by any thread
==7403==    at 0x4851E0D: ??? (in /usr/libexec/valgrind/vgpreload_helgrind-amd64-linux.so)
==7403==    by 0x10E8D2: ThreadPool::~ThreadPool() (thread-pool.cc:134)
==7403==    by 0x1169BA: test_immediate_destruction_after_schedule() (test_custom.cc:476)
==7403==    by 0x1301FC: bool std::__invoke_impl<bool, bool (*&)()>(std::__invoke_other, bool (*&)()) (invoke.h:61)
==7403==    by 0x12EE9D: std::enable_if<!std::is_void<bool>::value, bool>::type std::__invoke_r<bool, bool (*&)()>(bool (*&)()) (invoke.h:138)
==7403==    by 0x12D567: std::_Function_handler<bool (), bool (*)()>::_M_invoke(std::_Any_data const&) (std_function.h:290)
==7403==    by 0x12B475: std::function<bool ()>::operator()() const (std_function.h:591)
==7403==    by 0x119198: run_test(TestCase const&) (test_custom.cc:866)
==7403==    by 0x11A5E1: main (test_custom.cc:947)
==7403== 
==7403== 
==7403== Use --history-level=approx or =none to gain increased speed, at
==7403== the cost of reduced accuracy of conflicting-access information
==7403== For lists of detected and suppressed errors, rerun with: -s
==7403== ERROR SUMMARY: 11 errors from 2 contexts (suppressed: 131439 from 23)
[1;31m❌ FAILED[0m
[34m[F09][0m Interleaved schedule/wait execution... ==7407== ---Thread-Announcement------------------------------------------
==7407== 
==7407== Thread #2 was created
==7407==    at 0x4C3FA23: clone (clone.S:76)
==7407==    by 0x4C3FBA2: __clone_internal_fallback (clone-internal.c:64)
==7407==    by 0x4C3FBA2: __clone_internal (clone-internal.c:109)
==7407==    by 0x4BB254F: create_thread (pthread_create.c:297)
==7407==    by 0x4BB31A4: pthread_create@@GLIBC_2.34 (pthread_create.c:836)
==7407==    by 0x4854975: ??? (in /usr/libexec/valgrind/vgpreload_helgrind-amd64-linux.so)
==7407==    by 0x4956EB0: std::thread::_M_start_thread(std::unique_ptr<std::thread::_State, std::default_delete<std::thread::_State> >, void (*)()) (in /usr/lib/x86_64-linux-gnu/libstdc++.so.6.0.33)
==7407==    by 0x11BF46: std::thread::thread<test_massive_schedule_wait_interleave()::{lambda()#1}, , void>(test_massive_schedule_wait_interleave()::{lambda()#1}&&) (std_thread.h:164)
==7407==    by 0x116C42: test_massive_schedule_wait_interleave() (test_custom.cc:503)
==7407==    by 0x1301FC: bool std::__invoke_impl<bool, bool (*&)()>(std::__invoke_other, bool (*&)()) (invoke.h:61)
==7407==    by 0x12EE9D: std::enable_if<!std::is_void<bool>::value, bool>::type std::__invoke_r<bool, bool (*&)()>(bool (*&)()) (invoke.h:138)
==7407==    by 0x12D567: std::_Function_handler<bool (), bool (*)()>::_M_invoke(std::_Any_data const&) (std_function.h:290)
==7407==    by 0x12B475: std::function<bool ()>::operator()() const (std_function.h:591)
==7407== 
==7407== ----------------------------------------------------------------
==7407== 
==7407== Thread #2: pthread_cond_{signal,broadcast}: dubious: associated lock is not held by any thread
==7407==    at 0x4851C1D: ??? (in /usr/libexec/valgrind/vgpreload_helgrind-amd64-linux.so)
==7407==    by 0x10E08B: ThreadPool::schedule(std::function<void ()> const&) (thread-pool.cc:37)
==7407==    by 0x116AE9: test_massive_schedule_wait_interleave()::{lambda()#1}::operator()() const (test_custom.cc:491)
==7407==    by 0x1282C8: void std::__invoke_impl<void, test_massive_schedule_wait_interleave()::{lambda()#1}>(std::__invoke_other, test_massive_schedule_wait_interleave()::{lambda()#1}&&) (invoke.h:61)
==7407==    by 0x127FD6: std::__invoke_result<test_massive_schedule_wait_interleave()::{lambda()#1}>::type std::__invoke<test_massive_schedule_wait_interleave()::{lambda()#1}>(test_massive_schedule_wait_interleave()::{lambda()#1}&&) (invoke.h:96)
==7407==    by 0x127C19: void std::thread::_Invoker<std::tuple<test_massive_schedule_wait_interleave()::{lambda()#1}> >::_M_invoke<0ul>(std::_Index_tuple<0ul>) (std_thread.h:292)
==7407==    by 0x127A19: std::thread::_Invoker<std::tuple<test_massive_schedule_wait_interleave()::{lambda()#1}> >::operator()() (std_thread.h:299)
==7407==    by 0x1278C1: std::thread::_State_impl<std::thread::_Invoker<std::tuple<test_massive_schedule_wait_interleave()::{lambda()#1}> > >::_M_run() (std_thread.h:244)
==7407==    by 0x4956DB3: ??? (in /usr/lib/x86_64-linux-gnu/libstdc++.so.6.0.33)
==7407==    by 0x4854B7A: ??? (in /usr/libexec/valgrind/vgpreload_helgrind-amd64-linux.so)
==7407==    by 0x4BB2AA3: start_thread (pthread_create.c:447)
==7407==    by 0x4C3FA33: clone (clone.S:100)
==7407== 
==7407== ----------------------------------------------------------------
==7407== 
==7407== Thread #2: pthread_cond_{signal,broadcast}: dubious: associated lock is not held by any thread
==7407==    at 0x4851E0D: ??? (in /usr/libexec/valgrind/vgpreload_helgrind-amd64-linux.so)
==7407==    by 0x10E8D2: ThreadPool::~ThreadPool() (thread-pool.cc:134)
==7407==    by 0x116B7F: test_massive_schedule_wait_interleave()::{lambda()#1}::operator()() const (test_custom.cc:500)
==7407==    by 0x1282C8: void std::__invoke_impl<void, test_massive_schedule_wait_interleave()::{lambda()#1}>(std::__invoke_other, test_massive_schedule_wait_interleave()::{lambda()#1}&&) (invoke.h:61)
==7407==    by 0x127FD6: std::__invoke_result<test_massive_schedule_wait_interleave()::{lambda()#1}>::type std::__invoke<test_massive_schedule_wait_interleave()::{lambda()#1}>(test_massive_schedule_wait_interleave()::{lambda()#1}&&) (invoke.h:96)
==7407==    by 0x127C19: void std::thread::_Invoker<std::tuple<test_massive_schedule_wait_interleave()::{lambda()#1}> >::_M_invoke<0ul>(std::_Index_tuple<0ul>) (std_thread.h:292)
==7407==    by 0x127A19: std::thread::_Invoker<std::tuple<test_massive_schedule_wait_interleave()::{lambda()#1}> >::operator()() (std_thread.h:299)
==7407==    by 0x1278C1: std::thread::_State_impl<std::thread::_Invoker<std::tuple<test_massive_schedule_wait_interleave()::{lambda()#1}> > >::_M_run() (std_thread.h:244)
==7407==    by 0x4956DB3: ??? (in /usr/lib/x86_64-linux-gnu/libstdc++.so.6.0.33)
==7407==    by 0x4854B7A: ??? (in /usr/libexec/valgrind/vgpreload_helgrind-amd64-linux.so)
==7407==    by 0x4BB2AA3: start_thread (pthread_create.c:447)
==7407==    by 0x4C3FA33: clone (clone.S:100)
==7407== 
==7407== 
==7407== Use --history-level=approx or =none to gain increased speed, at
==7407== the cost of reduced accuracy of conflicting-access information
==7407== For lists of detected and suppressed errors, rerun with: -s
==7407== ERROR SUMMARY: 51 errors from 2 contexts (suppressed: 51896 from 28)
[1;31m❌ FAILED[0m
[34m[F10][0m Multiple schedule/wait rounds... ==7412== 
==7412== Use --history-level=approx or =none to gain increased speed, at
==7412== the cost of reduced accuracy of conflicting-access information
==7412== For lists of detected and suppressed errors, rerun with: -s
==7412== ERROR SUMMARY: 0 errors from 0 contexts (suppressed: 0 from 0)
[1;32m✅ PASSED[0m
[34m[F11][0m Multiple wait() calls inside tasks... ==7413== 
==7413== Use --history-level=approx or =none to gain increased speed, at
==7413== the cost of reduced accuracy of conflicting-access information
==7413== For lists of detected and suppressed errors, rerun with: -s
==7413== ERROR SUMMARY: 0 errors from 0 contexts (suppressed: 0 from 0)
[1;32m✅ PASSED[0m
[34m[F12][0m Concurrent schedule/wait in parallel... ==7414== ---Thread-Announcement------------------------------------------
==7414== 
==7414== Thread #7 was created
==7414==    at 0x4C3FA23: clone (clone.S:76)
==7414==    by 0x4C3FBA2: __clone_internal_fallback (clone-internal.c:64)
==7414==    by 0x4C3FBA2: __clone_internal (clone-internal.c:109)
==7414==    by 0x4BB254F: create_thread (pthread_create.c:297)
==7414==    by 0x4BB31A4: pthread_create@@GLIBC_2.34 (pthread_create.c:836)
==7414==    by 0x4854975: ??? (in /usr/libexec/valgrind/vgpreload_helgrind-amd64-linux.so)
==7414==    by 0x4956EB0: std::thread::_M_start_thread(std::unique_ptr<std::thread::_State, std::default_delete<std::thread::_State> >, void (*)()) (in /usr/lib/x86_64-linux-gnu/libstdc++.so.6.0.33)
==7414==    by 0x1251FE: std::thread::thread<test_concurrent_schedule_wait_parallel()::{lambda()#1}, , void>(test_concurrent_schedule_wait_parallel()::{lambda()#1}&&) (std_thread.h:164)
==7414==    by 0x11F55D: construct<std::thread, test_concurrent_schedule_wait_parallel()::<lambda()> > (new_allocator.h:191)
==7414==    by 0x11F55D: construct<std::thread, test_concurrent_schedule_wait_parallel()::<lambda()> > (alloc_traits.h:538)
==7414==    by 0x11F55D: void std::vector<std::thread, std::allocator<std::thread> >::_M_realloc_insert<test_concurrent_schedule_wait_parallel()::{lambda()#1}>(__gnu_cxx::__normal_iterator<std::thread*, std::vector<std::thread, std::allocator<std::thread> > >, test_concurrent_schedule_wait_parallel()::{lambda()#1}&&) (vector.tcc:468)
==7414==    by 0x11C468: void std::vector<std::thread, std::allocator<std::thread> >::emplace_back<test_concurrent_schedule_wait_parallel()::{lambda()#1}>(test_concurrent_schedule_wait_parallel()::{lambda()#1}&&) (vector.tcc:123)
==7414==    by 0x117548: test_concurrent_schedule_wait_parallel() (test_custom.cc:599)
==7414==    by 0x1301FC: bool std::__invoke_impl<bool, bool (*&)()>(std::__invoke_other, bool (*&)()) (invoke.h:61)
==7414==    by 0x12EE9D: std::enable_if<!std::is_void<bool>::value, bool>::type std::__invoke_r<bool, bool (*&)()>(bool (*&)()) (invoke.h:138)
==7414== 
==7414== ----------------------------------------------------------------
==7414== 
==7414== Thread #7: pthread_cond_{signal,broadcast}: dubious: associated lock is not held by any thread
==7414==    at 0x4851C1D: ??? (in /usr/libexec/valgrind/vgpreload_helgrind-amd64-linux.so)
==7414==    by 0x10E08B: ThreadPool::schedule(std::function<void ()> const&) (thread-pool.cc:37)
==7414==    by 0x117411: test_concurrent_schedule_wait_parallel()::{lambda()#1}::operator()() const (test_custom.cc:601)
==7414==    by 0x1280A3: void std::__invoke_impl<void, test_concurrent_schedule_wait_parallel()::{lambda()#1}>(std::__invoke_other, test_concurrent_schedule_wait_parallel()::{lambda()#1}&&) (invoke.h:61)
==7414==    by 0x127CEB: std::__invoke_result<test_concurrent_schedule_wait_parallel()::{lambda()#1}>::type std::__invoke<test_concurrent_schedule_wait_parallel()::{lambda()#1}>(test_concurrent_schedule_wait_parallel()::{lambda()#1}&&) (invoke.h:96)
==7414==    by 0x127A8D: void std::thread::_Invoker<std::tuple<test_concurrent_schedule_wait_parallel()::{lambda()#1}> >::_M_invoke<0ul>(std::_Index_tuple<0ul>) (std_thread.h:292)
==7414==    by 0x12791D: std::thread::_Invoker<std::tuple<test_concurrent_schedule_wait_parallel()::{lambda()#1}> >::operator()() (std_thread.h:299)
==7414==    by 0x12777D: std::thread::_State_impl<std::thread::_Invoker<std::tuple<test_concurrent_schedule_wait_parallel()::{lambda()#1}> > >::_M_run() (std_thread.h:244)
==7414==    by 0x4956DB3: ??? (in /usr/lib/x86_64-linux-gnu/libstdc++.so.6.0.33)
==7414==    by 0x4854B7A: ??? (in /usr/libexec/valgrind/vgpreload_helgrind-amd64-linux.so)
==7414==    by 0x4BB2AA3: start_thread (pthread_create.c:447)
==7414==    by 0x4C3FA33: clone (clone.S:100)
==7414== 
==7414== ---Thread-Announcement------------------------------------------
==7414== 
==7414== Thread #9 was created
==7414==    at 0x4C3FA23: clone (clone.S:76)
==7414==    by 0x4C3FBA2: __clone_internal_fallback (clone-internal.c:64)
==7414==    by 0x4C3FBA2: __clone_internal (clone-internal.c:109)
==7414==    by 0x4BB254F: create_thread (pthread_create.c:297)
==7414==    by 0x4BB31A4: pthread_create@@GLIBC_2.34 (pthread_create.c:836)
==7414==    by 0x4854975: ??? (in /usr/libexec/valgrind/vgpreload_helgrind-amd64-linux.so)
==7414==    by 0x4956EB0: std::thread::_M_start_thread(std::unique_ptr<std::thread::_State, std::default_delete<std::thread::_State> >, void (*)()) (in /usr/lib/x86_64-linux-gnu/libstdc++.so.6.0.33)
==7414==    by 0x1251FE: std::thread::thread<test_concurrent_schedule_wait_parallel()::{lambda()#1}, , void>(test_concurrent_schedule_wait_parallel()::{lambda()#1}&&) (std_thread.h:164)
==7414==    by 0x11F55D: construct<std::thread, test_concurrent_schedule_wait_parallel()::<lambda()> > (new_allocator.h:191)
==7414==    by 0x11F55D: construct<std::thread, test_concurrent_schedule_wait_parallel()::<lambda()> > (alloc_traits.h:538)
==7414==    by 0x11F55D: void std::vector<std::thread, std::allocator<std::thread> >::_M_realloc_insert<test_concurrent_schedule_wait_parallel()::{lambda()#1}>(__gnu_cxx::__normal_iterator<std::thread*, std::vector<std::thread, std::allocator<std::thread> > >, test_concurrent_schedule_wait_parallel()::{lambda()#1}&&) (vector.tcc:468)
==7414==    by 0x11C468: void std::vector<std::thread, std::allocator<std::thread> >::emplace_back<test_concurrent_schedule_wait_parallel()::{lambda()#1}>(test_concurrent_schedule_wait_parallel()::{lambda()#1}&&) (vector.tcc:123)
==7414==    by 0x117548: test_concurrent_schedule_wait_parallel() (test_custom.cc:599)
==7414==    by 0x1301FC: bool std::__invoke_impl<bool, bool (*&)()>(std::__invoke_other, bool (*&)()) (invoke.h:61)
==7414==    by 0x12EE9D: std::enable_if<!std::is_void<bool>::value, bool>::type std::__invoke_r<bool, bool (*&)()>(bool (*&)()) (invoke.h:138)
==7414== 
==7414== ----------------------------------------------------------------
==7414== 
==7414== Thread #9: pthread_cond_{signal,broadcast}: dubious: associated lock is not held by any thread
==7414==    at 0x4851C1D: ??? (in /usr/libexec/valgrind/vgpreload_helgrind-amd64-linux.so)
==7414==    by 0x10E08B: ThreadPool::schedule(std::function<void ()> const&) (thread-pool.cc:37)
==7414==    by 0x117411: test_concurrent_schedule_wait_parallel()::{lambda()#1}::operator()() const (test_custom.cc:601)
==7414==    by 0x1280A3: void std::__invoke_impl<void, test_concurrent_schedule_wait_parallel()::{lambda()#1}>(std::__invoke_other, test_concurrent_schedule_wait_parallel()::{lambda()#1}&&) (invoke.h:61)
==7414==    by 0x127CEB: std::__invoke_result<test_concurrent_schedule_wait_parallel()::{lambda()#1}>::type std::__invoke<test_concurrent_schedule_wait_parallel()::{lambda()#1}>(test_concurrent_schedule_wait_parallel()::{lambda()#1}&&) (invoke.h:96)
==7414==    by 0x127A8D: void std::thread::_Invoker<std::tuple<test_concurrent_schedule_wait_parallel()::{lambda()#1}> >::_M_invoke<0ul>(std::_Index_tuple<0ul>) (std_thread.h:292)
==7414==    by 0x12791D: std::thread::_Invoker<std::tuple<test_concurrent_schedule_wait_parallel()::{lambda()#1}> >::operator()() (std_thread.h:299)
==7414==    by 0x12777D: std::thread::_State_impl<std::thread::_Invoker<std::tuple<test_concurrent_schedule_wait_parallel()::{lambda()#1}> > >::_M_run() (std_thread.h:244)
==7414==    by 0x4956DB3: ??? (in /usr/lib/x86_64-linux-gnu/libstdc++.so.6.0.33)
==7414==    by 0x4854B7A: ??? (in /usr/libexec/valgrind/vgpreload_helgrind-amd64-linux.so)
==7414==    by 0x4BB2AA3: start_thread (pthread_create.c:447)
==7414==    by 0x4C3FA33: clone (clone.S:100)
==7414== 
==7414== ---Thread-Announcement------------------------------------------
==7414== 
==7414== Thread #8 was created
==7414==    at 0x4C3FA23: clone (clone.S:76)
==7414==    by 0x4C3FBA2: __clone_internal_fallback (clone-internal.c:64)
==7414==    by 0x4C3FBA2: __clone_internal (clone-internal.c:109)
==7414==    by 0x4BB254F: create_thread (pthread_create.c:297)
==7414==    by 0x4BB31A4: pthread_create@@GLIBC_2.34 (pthread_create.c:836)
==7414==    by 0x4854975: ??? (in /usr/libexec/valgrind/vgpreload_helgrind-amd64-linux.so)
==7414==    by 0x4956EB0: std::thread::_M_start_thread(std::unique_ptr<std::thread::_State, std::default_delete<std::thread::_State> >, void (*)()) (in /usr/lib/x86_64-linux-gnu/libstdc++.so.6.0.33)
==7414==    by 0x1251FE: std::thread::thread<test_concurrent_schedule_wait_parallel()::{lambda()#1}, , void>(test_concurrent_schedule_wait_parallel()::{lambda()#1}&&) (std_thread.h:164)
==7414==    by 0x11F55D: construct<std::thread, test_concurrent_schedule_wait_parallel()::<lambda()> > (new_allocator.h:191)
==7414==    by 0x11F55D: construct<std::thread, test_concurrent_schedule_wait_parallel()::<lambda()> > (alloc_traits.h:538)
==7414==    by 0x11F55D: void std::vector<std::thread, std::allocator<std::thread> >::_M_realloc_insert<test_concurrent_schedule_wait_parallel()::{lambda()#1}>(__gnu_cxx::__normal_iterator<std::thread*, std::vector<std::thread, std::allocator<std::thread> > >, test_concurrent_schedule_wait_parallel()::{lambda()#1}&&) (vector.tcc:468)
==7414==    by 0x11C468: void std::vector<std::thread, std::allocator<std::thread> >::emplace_back<test_concurrent_schedule_wait_parallel()::{lambda()#1}>(test_concurrent_schedule_wait_parallel()::{lambda()#1}&&) (vector.tcc:123)
==7414==    by 0x117548: test_concurrent_schedule_wait_parallel() (test_custom.cc:599)
==7414==    by 0x1301FC: bool std::__invoke_impl<bool, bool (*&)()>(std::__invoke_other, bool (*&)()) (invoke.h:61)
==7414==    by 0x12EE9D: std::enable_if<!std::is_void<bool>::value, bool>::type std::__invoke_r<bool, bool (*&)()>(bool (*&)()) (invoke.h:138)
==7414== 
==7414== ----------------------------------------------------------------
==7414== 
==7414== Thread #8: pthread_cond_{signal,broadcast}: dubious: associated lock is not held by any thread
==7414==    at 0x4851C1D: ??? (in /usr/libexec/valgrind/vgpreload_helgrind-amd64-linux.so)
==7414==    by 0x10E08B: ThreadPool::schedule(std::function<void ()> const&) (thread-pool.cc:37)
==7414==    by 0x117411: test_concurrent_schedule_wait_parallel()::{lambda()#1}::operator()() const (test_custom.cc:601)
==7414==    by 0x1280A3: void std::__invoke_impl<void, test_concurrent_schedule_wait_parallel()::{lambda()#1}>(std::__invoke_other, test_concurrent_schedule_wait_parallel()::{lambda()#1}&&) (invoke.h:61)
==7414==    by 0x127CEB: std::__invoke_result<test_concurrent_schedule_wait_parallel()::{lambda()#1}>::type std::__invoke<test_concurrent_schedule_wait_parallel()::{lambda()#1}>(test_concurrent_schedule_wait_parallel()::{lambda()#1}&&) (invoke.h:96)
==7414==    by 0x127A8D: void std::thread::_Invoker<std::tuple<test_concurrent_schedule_wait_parallel()::{lambda()#1}> >::_M_invoke<0ul>(std::_Index_tuple<0ul>) (std_thread.h:292)
==7414==    by 0x12791D: std::thread::_Invoker<std::tuple<test_concurrent_schedule_wait_parallel()::{lambda()#1}> >::operator()() (std_thread.h:299)
==7414==    by 0x12777D: std::thread::_State_impl<std::thread::_Invoker<std::tuple<test_concurrent_schedule_wait_parallel()::{lambda()#1}> > >::_M_run() (std_thread.h:244)
==7414==    by 0x4956DB3: ??? (in /usr/lib/x86_64-linux-gnu/libstdc++.so.6.0.33)
==7414==    by 0x4854B7A: ??? (in /usr/libexec/valgrind/vgpreload_helgrind-amd64-linux.so)
==7414==    by 0x4BB2AA3: start_thread (pthread_create.c:447)
==7414==    by 0x4C3FA33: clone (clone.S:100)
==7414== 
==7414== ---Thread-Announcement------------------------------------------
==7414== 
==7414== Thread #10 was created
==7414==    at 0x4C3FA23: clone (clone.S:76)
==7414==    by 0x4C3FBA2: __clone_internal_fallback (clone-internal.c:64)
==7414==    by 0x4C3FBA2: __clone_internal (clone-internal.c:109)
==7414==    by 0x4BB254F: create_thread (pthread_create.c:297)
==7414==    by 0x4BB31A4: pthread_create@@GLIBC_2.34 (pthread_create.c:836)
==7414==    by 0x4854975: ??? (in /usr/libexec/valgrind/vgpreload_helgrind-amd64-linux.so)
==7414==    by 0x4956EB0: std::thread::_M_start_thread(std::unique_ptr<std::thread::_State, std::default_delete<std::thread::_State> >, void (*)()) (in /usr/lib/x86_64-linux-gnu/libstdc++.so.6.0.33)
==7414==    by 0x1251FE: std::thread::thread<test_concurrent_schedule_wait_parallel()::{lambda()#1}, , void>(test_concurrent_schedule_wait_parallel()::{lambda()#1}&&) (std_thread.h:164)
==7414==    by 0x11C3FE: construct<std::thread, test_concurrent_schedule_wait_parallel()::<lambda()> > (new_allocator.h:191)
==7414==    by 0x11C3FE: construct<std::thread, test_concurrent_schedule_wait_parallel()::<lambda()> > (alloc_traits.h:538)
==7414==    by 0x11C3FE: void std::vector<std::thread, std::allocator<std::thread> >::emplace_back<test_concurrent_schedule_wait_parallel()::{lambda()#1}>(test_concurrent_schedule_wait_parallel()::{lambda()#1}&&) (vector.tcc:117)
==7414==    by 0x117548: test_concurrent_schedule_wait_parallel() (test_custom.cc:599)
==7414==    by 0x1301FC: bool std::__invoke_impl<bool, bool (*&)()>(std::__invoke_other, bool (*&)()) (invoke.h:61)
==7414==    by 0x12EE9D: std::enable_if<!std::is_void<bool>::value, bool>::type std::__invoke_r<bool, bool (*&)()>(bool (*&)()) (invoke.h:138)
==7414==    by 0x12D567: std::_Function_handler<bool (), bool (*)()>::_M_invoke(std::_Any_data const&) (std_function.h:290)
==7414== 
==7414== ----------------------------------------------------------------
==7414== 
==7414== Thread #10: pthread_cond_{signal,broadcast}: dubious: associated lock is not held by any thread
==7414==    at 0x4851C1D: ??? (in /usr/libexec/valgrind/vgpreload_helgrind-amd64-linux.so)
==7414==    by 0x10E08B: ThreadPool::schedule(std::function<void ()> const&) (thread-pool.cc:37)
==7414==    by 0x117411: test_concurrent_schedule_wait_parallel()::{lambda()#1}::operator()() const (test_custom.cc:601)
==7414==    by 0x1280A3: void std::__invoke_impl<void, test_concurrent_schedule_wait_parallel()::{lambda()#1}>(std::__invoke_other, test_concurrent_schedule_wait_parallel()::{lambda()#1}&&) (invoke.h:61)
==7414==    by 0x127CEB: std::__invoke_result<test_concurrent_schedule_wait_parallel()::{lambda()#1}>::type std::__invoke<test_concurrent_schedule_wait_parallel()::{lambda()#1}>(test_concurrent_schedule_wait_parallel()::{lambda()#1}&&) (invoke.h:96)
==7414==    by 0x127A8D: void std::thread::_Invoker<std::tuple<test_concurrent_schedule_wait_parallel()::{lambda()#1}> >::_M_invoke<0ul>(std::_Index_tuple<0ul>) (std_thread.h:292)
==7414==    by 0x12791D: std::thread::_Invoker<std::tuple<test_concurrent_schedule_wait_parallel()::{lambda()#1}> >::operator()() (std_thread.h:299)
==7414==    by 0x12777D: std::thread::_State_impl<std::thread::_Invoker<std::tuple<test_concurrent_schedule_wait_parallel()::{lambda()#1}> > >::_M_run() (std_thread.h:244)
==7414==    by 0x4956DB3: ??? (in /usr/lib/x86_64-linux-gnu/libstdc++.so.6.0.33)
==7414==    by 0x4854B7A: ??? (in /usr/libexec/valgrind/vgpreload_helgrind-amd64-linux.so)
==7414==    by 0x4BB2AA3: start_thread (pthread_create.c:447)
==7414==    by 0x4C3FA33: clone (clone.S:100)
==7414== 
==7414== ---Thread-Announcement------------------------------------------
==7414== 
==7414== Thread #1 is the program's root thread
==7414== 
==7414== ----------------------------------------------------------------
==7414== 
==7414== Thread #1: pthread_cond_{signal,broadcast}: dubious: associated lock is not held by any thread
==7414==    at 0x4851E0D: ??? (in /usr/libexec/valgrind/vgpreload_helgrind-amd64-linux.so)
==7414==    by 0x10E8D2: ThreadPool::~ThreadPool() (thread-pool.cc:134)
==7414==    by 0x117794: test_concurrent_schedule_wait_parallel() (test_custom.cc:626)
==7414==    by 0x1301FC: bool std::__invoke_impl<bool, bool (*&)()>(std::__invoke_other, bool (*&)()) (invoke.h:61)
==7414==    by 0x12EE9D: std::enable_if<!std::is_void<bool>::value, bool>::type std::__invoke_r<bool, bool (*&)()>(bool (*&)()) (invoke.h:138)
==7414==    by 0x12D567: std::_Function_handler<bool (), bool (*)()>::_M_invoke(std::_Any_data const&) (std_function.h:290)
==7414==    by 0x12B475: std::function<bool ()>::operator()() const (std_function.h:591)
==7414==    by 0x119198: run_test(TestCase const&) (test_custom.cc:866)
==7414==    by 0x11A5E1: main (test_custom.cc:947)
==7414== 
==7414== 
==7414== Use --history-level=approx or =none to gain increased speed, at
==7414== the cost of reduced accuracy of conflicting-access information
==7414== For lists of detected and suppressed errors, rerun with: -s
==7414== ERROR SUMMARY: 201 errors from 5 contexts (suppressed: 417857 from 32)
[1;31m❌ FAILED[0m
[31m[H01][0m Wait inside task should deadlock... ==7426== 
==7426== Use --history-level=approx or =none to gain increased speed, at
==7426== the cost of reduced accuracy of conflicting-access information
==7426== For lists of detected and suppressed errors, rerun with: -s
==7426== ERROR SUMMARY: 0 errors from 0 contexts (suppressed: 0 from 0)
[1;32m✅ PASSED[0m
[33m[L01][0m Destructor waits for tasks completion... ==7427== ---Thread-Announcement------------------------------------------
==7427== 
==7427== Thread #1 is the program's root thread
==7427== 
==7427== ----------------------------------------------------------------
==7427== 
==7427== Thread #1: pthread_cond_{signal,broadcast}: dubious: associated lock is not held by any thread
==7427==    at 0x4851C1D: ??? (in /usr/libexec/valgrind/vgpreload_helgrind-amd64-linux.so)
==7427==    by 0x10E08B: ThreadPool::schedule(std::function<void ()> const&) (thread-pool.cc:37)
==7427==    by 0x117897: test_destructor_waits_for_tasks() (test_custom.cc:639)
==7427==    by 0x1301FC: bool std::__invoke_impl<bool, bool (*&)()>(std::__invoke_other, bool (*&)()) (invoke.h:61)
==7427==    by 0x12EE9D: std::enable_if<!std::is_void<bool>::value, bool>::type std::__invoke_r<bool, bool (*&)()>(bool (*&)()) (invoke.h:138)
==7427==    by 0x12D567: std::_Function_handler<bool (), bool (*)()>::_M_invoke(std::_Any_data const&) (std_function.h:290)
==7427==    by 0x12B475: std::function<bool ()>::operator()() const (std_function.h:591)
==7427==    by 0x119198: run_test(TestCase const&) (test_custom.cc:866)
==7427==    by 0x11A5E1: main (test_custom.cc:947)
==7427== 
==7427== ----------------------------------------------------------------
==7427== 
==7427== Thread #1: pthread_cond_{signal,broadcast}: dubious: associated lock is not held by any thread
==7427==    at 0x4851E0D: ??? (in /usr/libexec/valgrind/vgpreload_helgrind-amd64-linux.so)
==7427==    by 0x10E8D2: ThreadPool::~ThreadPool() (thread-pool.cc:134)
==7427==    by 0x1178B5: test_destructor_waits_for_tasks() (test_custom.cc:642)
==7427==    by 0x1301FC: bool std::__invoke_impl<bool, bool (*&)()>(std::__invoke_other, bool (*&)()) (invoke.h:61)
==7427==    by 0x12EE9D: std::enable_if<!std::is_void<bool>::value, bool>::type std::__invoke_r<bool, bool (*&)()>(bool (*&)()) (invoke.h:138)
==7427==    by 0x12D567: std::_Function_handler<bool (), bool (*)()>::_M_invoke(std::_Any_data const&) (std_function.h:290)
==7427==    by 0x12B475: std::function<bool ()>::operator()() const (std_function.h:591)
==7427==    by 0x119198: run_test(TestCase const&) (test_custom.cc:866)
==7427==    by 0x11A5E1: main (test_custom.cc:947)
==7427== 
==7427== 
==7427== Use --history-level=approx or =none to gain increased speed, at
==7427== the cost of reduced accuracy of conflicting-access information
==7427== For lists of detected and suppressed errors, rerun with: -s
==7427== ERROR SUMMARY: 2 errors from 2 contexts (suppressed: 96 from 23)
[1;31m❌ FAILED[0m
[33m[L02][0m Repeated pool creation and destruction... ==7430== ---Thread-Announcement------------------------------------------
==7430== 
==7430== Thread #1 is the program's root thread
==7430== 
==7430== ----------------------------------------------------------------
==7430== 
==7430== Thread #1: pthread_cond_{signal,broadcast}: dubious: associated lock is not held by any thread
==7430==    at 0x4851C1D: ??? (in /usr/libexec/valgrind/vgpreload_helgrind-amd64-linux.so)
==7430==    by 0x10E08B: ThreadPool::schedule(std::function<void ()> const&) (thread-pool.cc:37)
==7430==    by 0x117A4C: test_repeated_pool_creation() (test_custom.cc:655)
==7430==    by 0x1301FC: bool std::__invoke_impl<bool, bool (*&)()>(std::__invoke_other, bool (*&)()) (invoke.h:61)
==7430==    by 0x12EE9D: std::enable_if<!std::is_void<bool>::value, bool>::type std::__invoke_r<bool, bool (*&)()>(bool (*&)()) (invoke.h:138)
==7430==    by 0x12D567: std::_Function_handler<bool (), bool (*)()>::_M_invoke(std::_Any_data const&) (std_function.h:290)
==7430==    by 0x12B475: std::function<bool ()>::operator()() const (std_function.h:591)
==7430==    by 0x119198: run_test(TestCase const&) (test_custom.cc:866)
==7430==    by 0x11A5E1: main (test_custom.cc:947)
==7430== 
==7430== ----------------------------------------------------------------
==7430== 
==7430== Thread #1: pthread_cond_{signal,broadcast}: dubious: associated lock is not held by any thread
==7430==    at 0x4851E0D: ??? (in /usr/libexec/valgrind/vgpreload_helgrind-amd64-linux.so)
==7430==    by 0x10E8D2: ThreadPool::~ThreadPool() (thread-pool.cc:134)
==7430==    by 0x117AB4: test_repeated_pool_creation() (test_custom.cc:661)
==7430==    by 0x1301FC: bool std::__invoke_impl<bool, bool (*&)()>(std::__invoke_other, bool (*&)()) (invoke.h:61)
==7430==    by 0x12EE9D: std::enable_if<!std::is_void<bool>::value, bool>::type std::__invoke_r<bool, bool (*&)()>(bool (*&)()) (invoke.h:138)
==7430==    by 0x12D567: std::_Function_handler<bool (), bool (*)()>::_M_invoke(std::_Any_data const&) (std_function.h:290)
==7430==    by 0x12B475: std::function<bool ()>::operator()() const (std_function.h:591)
==7430==    by 0x119198: run_test(TestCase const&) (test_custom.cc:866)
==7430==    by 0x11A5E1: main (test_custom.cc:947)
==7430== 
==7430== 
==7430== Use --history-level=approx or =none to gain increased speed, at
==7430== the cost of reduced accuracy of conflicting-access information
==7430== For lists of detected and suppressed errors, rerun with: -s
==7430== ERROR SUMMARY: 1100 errors from 2 contexts (suppressed: 726568 from 23)
[1;31m❌ FAILED[0m
[91m[M01][0m Schedule nullptr function... ==7745== ---Thread-Announcement------------------------------------------
==7745== 
==7745== Thread #1 is the program's root thread
==7745== 
==7745== ----------------------------------------------------------------
==7745== 
==7745== Thread #1: pthread_cond_{signal,broadcast}: dubious: associated lock is not held by any thread
==7745==    at 0x4851E0D: ??? (in /usr/libexec/valgrind/vgpreload_helgrind-amd64-linux.so)
==7745==    by 0x10E8D2: ThreadPool::~ThreadPool() (thread-pool.cc:134)
==7745==    by 0x11899F: test_schedule_nullptr() (test_custom.cc:804)
==7745==    by 0x1301FC: bool std::__invoke_impl<bool, bool (*&)()>(std::__invoke_other, bool (*&)()) (invoke.h:61)
==7745==    by 0x12EE9D: std::enable_if<!std::is_void<bool>::value, bool>::type std::__invoke_r<bool, bool (*&)()>(bool (*&)()) (invoke.h:138)
==7745==    by 0x12D567: std::_Function_handler<bool (), bool (*)()>::_M_invoke(std::_Any_data const&) (std_function.h:290)
==7745==    by 0x12B475: std::function<bool ()>::operator()() const (std_function.h:591)
==7745==    by 0x119198: run_test(TestCase const&) (test_custom.cc:866)
==7745==    by 0x11A5E1: main (test_custom.cc:947)
==7745== 
==7745== 
==7745== Use --history-level=approx or =none to gain increased speed, at
==7745== the cost of reduced accuracy of conflicting-access information
==7745== For lists of detected and suppressed errors, rerun with: -s
==7745== ERROR SUMMARY: 1 errors from 1 contexts (suppressed: 83 from 17)
[1;31m❌ FAILED[0m
[91m[M02][0m wait() during infinite rescheduling... ==7749== 
==7749== Use --history-level=approx or =none to gain increased speed, at
==7749== the cost of reduced accuracy of conflicting-access information
==7749== For lists of detected and suppressed errors, rerun with: -s
==7749== ERROR SUMMARY: 0 errors from 0 contexts (suppressed: 0 from 0)
[1;32m✅ PASSED[0m
[96m[N01][0m Deep nested task scheduling... ==7750== ---Thread-Announcement------------------------------------------
==7750== 
==7750== Thread #2 was created
==7750==    at 0x4C3FA23: clone (clone.S:76)
==7750==    by 0x4C3FBA2: __clone_internal_fallback (clone-internal.c:64)
==7750==    by 0x4C3FBA2: __clone_internal (clone-internal.c:109)
==7750==    by 0x4BB254F: create_thread (pthread_create.c:297)
==7750==    by 0x4BB31A4: pthread_create@@GLIBC_2.34 (pthread_create.c:836)
==7750==    by 0x4854975: ??? (in /usr/libexec/valgrind/vgpreload_helgrind-amd64-linux.so)
==7750==    by 0x4956EB0: std::thread::_M_start_thread(std::unique_ptr<std::thread::_State, std::default_delete<std::thread::_State> >, void (*)()) (in /usr/lib/x86_64-linux-gnu/libstdc++.so.6.0.33)
==7750==    by 0x11C8CA: std::thread::thread<test_deep_nested_scheduling()::{lambda()#1}, , void>(test_deep_nested_scheduling()::{lambda()#1}&&) (std_thread.h:164)
==7750==    by 0x117EF0: test_deep_nested_scheduling() (test_custom.cc:694)
==7750==    by 0x1301FC: bool std::__invoke_impl<bool, bool (*&)()>(std::__invoke_other, bool (*&)()) (invoke.h:61)
==7750==    by 0x12EE9D: std::enable_if<!std::is_void<bool>::value, bool>::type std::__invoke_r<bool, bool (*&)()>(bool (*&)()) (invoke.h:138)
==7750==    by 0x12D567: std::_Function_handler<bool (), bool (*)()>::_M_invoke(std::_Any_data const&) (std_function.h:290)
==7750==    by 0x12B475: std::function<bool ()>::operator()() const (std_function.h:591)
==7750== 
==7750== ----------------------------------------------------------------
==7750== 
==7750== Thread #2: pthread_cond_{signal,broadcast}: dubious: associated lock is not held by any thread
==7750==    at 0x4851C1D: ??? (in /usr/libexec/valgrind/vgpreload_helgrind-amd64-linux.so)
==7750==    by 0x10E08B: ThreadPool::schedule(std::function<void ()> const&) (thread-pool.cc:37)
==7750==    by 0x117D83: test_deep_nested_scheduling()::{lambda()#1}::operator()() const (test_custom.cc:680)
==7750==    by 0x128211: void std::__invoke_impl<void, test_deep_nested_scheduling()::{lambda()#1}>(std::__invoke_other, test_deep_nested_scheduling()::{lambda()#1}&&) (invoke.h:61)
==7750==    by 0x127EDD: std::__invoke_result<test_deep_nested_scheduling()::{lambda()#1}>::type std::__invoke<test_deep_nested_scheduling()::{lambda()#1}>(test_deep_nested_scheduling()::{lambda()#1}&&) (invoke.h:96)
==7750==    by 0x127B95: void std::thread::_Invoker<std::tuple<test_deep_nested_scheduling()::{lambda()#1}> >::_M_invoke<0ul>(std::_Index_tuple<0ul>) (std_thread.h:292)
==7750==    by 0x1279C5: std::thread::_Invoker<std::tuple<test_deep_nested_scheduling()::{lambda()#1}> >::operator()() (std_thread.h:299)
==7750==    by 0x127855: std::thread::_State_impl<std::thread::_Invoker<std::tuple<test_deep_nested_scheduling()::{lambda()#1}> > >::_M_run() (std_thread.h:244)
==7750==    by 0x4956DB3: ??? (in /usr/lib/x86_64-linux-gnu/libstdc++.so.6.0.33)
==7750==    by 0x4854B7A: ??? (in /usr/libexec/valgrind/vgpreload_helgrind-amd64-linux.so)
==7750==    by 0x4BB2AA3: start_thread (pthread_create.c:447)
==7750==    by 0x4C3FA33: clone (clone.S:100)
==7750== 
==7750== ---Thread-Announcement------------------------------------------
==7750== 
==7750== Thread #3 was created
==7750==    at 0x4C3FA23: clone (clone.S:76)
==7750==    by 0x4C3FBA2: __clone_internal_fallback (clone-internal.c:64)
==7750==    by 0x4C3FBA2: __clone_internal (clone-internal.c:109)
==7750==    by 0x4BB254F: create_thread (pthread_create.c:297)
==7750==    by 0x4BB31A4: pthread_create@@GLIBC_2.34 (pthread_create.c:836)
==7750==    by 0x4854975: ??? (in /usr/libexec/valgrind/vgpreload_helgrind-amd64-linux.so)
==7750==    by 0x4956EB0: std::thread::_M_start_thread(std::unique_ptr<std::thread::_State, std::default_delete<std::thread::_State> >, void (*)()) (in /usr/lib/x86_64-linux-gnu/libstdc++.so.6.0.33)
==7750==    by 0x10EA9A: std::thread::thread<ThreadPool::ThreadPool(unsigned long)::{lambda()#1}, , void>(ThreadPool::ThreadPool(unsigned long)::{lambda()#1}&&) (std_thread.h:164)
==7750==    by 0x10DDEF: ThreadPool::ThreadPool(unsigned long) (thread-pool.cc:17)
==7750==    by 0x117D2B: test_deep_nested_scheduling()::{lambda()#1}::operator()() const (test_custom.cc:678)
==7750==    by 0x128211: void std::__invoke_impl<void, test_deep_nested_scheduling()::{lambda()#1}>(std::__invoke_other, test_deep_nested_scheduling()::{lambda()#1}&&) (invoke.h:61)
==7750==    by 0x127EDD: std::__invoke_result<test_deep_nested_scheduling()::{lambda()#1}>::type std::__invoke<test_deep_nested_scheduling()::{lambda()#1}>(test_deep_nested_scheduling()::{lambda()#1}&&) (invoke.h:96)
==7750==    by 0x127B95: void std::thread::_Invoker<std::tuple<test_deep_nested_scheduling()::{lambda()#1}> >::_M_invoke<0ul>(std::_Index_tuple<0ul>) (std_thread.h:292)
==7750== 
==7750== ----------------------------------------------------------------
==7750== 
==7750== Thread #3: pthread_cond_{signal,broadcast}: dubious: associated lock is not held by any thread
==7750==    at 0x4851C1D: ??? (in /usr/libexec/valgrind/vgpreload_helgrind-amd64-linux.so)
==7750==    by 0x10E08B: ThreadPool::schedule(std::function<void ()> const&) (thread-pool.cc:37)
==7750==    by 0x117C9A: test_deep_nested_scheduling()::{lambda()#1}::operator()() const::{lambda()#1}::operator()() const (test_custom.cc:682)
==7750==    by 0x125663: void std::__invoke_impl<void, test_deep_nested_scheduling()::{lambda()#1}::operator()() const::{lambda()#1}&>(std::__invoke_other, test_deep_nested_scheduling()::{lambda()#1}::operator()() const::{lambda()#1}&) (invoke.h:61)
==7750==    by 0x1232E8: std::enable_if<std::is_void<void>::value, void>::type std::__invoke_r<void, test_deep_nested_scheduling()::{lambda()#1}::operator()() const::{lambda()#1}&>(test_deep_nested_scheduling()::{lambda()#1}::operator()() const::{lambda()#1}&) (invoke.h:150)
==7750==    by 0x1201CE: std::_Function_handler<void (), test_deep_nested_scheduling()::{lambda()#1}::operator()() const::{lambda()#1}>::_M_invoke(std::_Any_data const&) (std_function.h:290)
==7750==    by 0x110179: std::function<void ()>::operator()() const (std_function.h:591)
==7750==    by 0x10E694: ThreadPool::worker(int) (thread-pool.cc:109)
==7750==    by 0x10DC3A: ThreadPool::ThreadPool(unsigned long)::{lambda()#1}::operator()() const (thread-pool.cc:17)
==7750==    by 0x10F1C5: void std::__invoke_impl<void, ThreadPool::ThreadPool(unsigned long)::{lambda()#1}>(std::__invoke_other, ThreadPool::ThreadPool(unsigned long)::{lambda()#1}&&) (invoke.h:61)
==7750==    by 0x10F14B: std::__invoke_result<ThreadPool::ThreadPool(unsigned long)::{lambda()#1}>::type std::__invoke<ThreadPool::ThreadPool(unsigned long)::{lambda()#1}>(ThreadPool::ThreadPool(unsigned long)::{lambda()#1}&&) (invoke.h:96)
==7750==    by 0x10F0A5: void std::thread::_Invoker<std::tuple<ThreadPool::ThreadPool(unsigned long)::{lambda()#1}> >::_M_invoke<0ul>(std::_Index_tuple<0ul>) (std_thread.h:292)
==7750== 
==7750== ----------------------------------------------------------------
==7750== 
==7750== Thread #3: pthread_cond_{signal,broadcast}: dubious: associated lock is not held by any thread
==7750==    at 0x4851C1D: ??? (in /usr/libexec/valgrind/vgpreload_helgrind-amd64-linux.so)
==7750==    by 0x10E08B: ThreadPool::schedule(std::function<void ()> const&) (thread-pool.cc:37)
==7750==    by 0x117BCE: test_deep_nested_scheduling()::{lambda()#1}::operator()() const::{lambda()#1}::operator()() const::{lambda()#1}::operator()() const (test_custom.cc:684)
==7750==    by 0x1255BD: void std::__invoke_impl<void, test_deep_nested_scheduling()::{lambda()#1}::operator()() const::{lambda()#1}::operator()() const::{lambda()#1}&>(std::__invoke_other, test_deep_nested_scheduling()::{lambda()#1}::operator()() const::{lambda()#1}::operator()() const::{lambda()#1}&) (invoke.h:61)
==7750==    by 0x123188: std::enable_if<std::is_void<void>::value, void>::type std::__invoke_r<void, test_deep_nested_scheduling()::{lambda()#1}::operator()() const::{lambda()#1}::operator()() const::{lambda()#1}&>(test_deep_nested_scheduling()::{lambda()#1}::operator()() const::{lambda()#1}::operator()() const::{lambda()#1}&) (invoke.h:150)
==7750==    by 0x1200DA: std::_Function_handler<void (), test_deep_nested_scheduling()::{lambda()#1}::operator()() const::{lambda()#1}::operator()() const::{lambda()#1}>::_M_invoke(std::_Any_data const&) (std_function.h:290)
==7750==    by 0x110179: std::function<void ()>::operator()() const (std_function.h:591)
==7750==    by 0x10E694: ThreadPool::worker(int) (thread-pool.cc:109)
==7750==    by 0x10DC3A: ThreadPool::ThreadPool(unsigned long)::{lambda()#1}::operator()() const (thread-pool.cc:17)
==7750==    by 0x10F1C5: void std::__invoke_impl<void, ThreadPool::ThreadPool(unsigned long)::{lambda()#1}>(std::__invoke_other, ThreadPool::ThreadPool(unsigned long)::{lambda()#1}&&) (invoke.h:61)
==7750==    by 0x10F14B: std::__invoke_result<ThreadPool::ThreadPool(unsigned long)::{lambda()#1}>::type std::__invoke<ThreadPool::ThreadPool(unsigned long)::{lambda()#1}>(ThreadPool::ThreadPool(unsigned long)::{lambda()#1}&&) (invoke.h:96)
==7750==    by 0x10F0A5: void std::thread::_Invoker<std::tuple<ThreadPool::ThreadPool(unsigned long)::{lambda()#1}> >::_M_invoke<0ul>(std::_Index_tuple<0ul>) (std_thread.h:292)
==7750== 
==7750== ----------------------------------------------------------------
==7750== 
==7750== Thread #2: pthread_cond_{signal,broadcast}: dubious: associated lock is not held by any thread
==7750==    at 0x4851E0D: ??? (in /usr/libexec/valgrind/vgpreload_helgrind-amd64-linux.so)
==7750==    by 0x10E8D2: ThreadPool::~ThreadPool() (thread-pool.cc:134)
==7750==    by 0x117DE7: test_deep_nested_scheduling()::{lambda()#1}::operator()() const (test_custom.cc:691)
==7750==    by 0x128211: void std::__invoke_impl<void, test_deep_nested_scheduling()::{lambda()#1}>(std::__invoke_other, test_deep_nested_scheduling()::{lambda()#1}&&) (invoke.h:61)
==7750==    by 0x127EDD: std::__invoke_result<test_deep_nested_scheduling()::{lambda()#1}>::type std::__invoke<test_deep_nested_scheduling()::{lambda()#1}>(test_deep_nested_scheduling()::{lambda()#1}&&) (invoke.h:96)
==7750==    by 0x127B95: void std::thread::_Invoker<std::tuple<test_deep_nested_scheduling()::{lambda()#1}> >::_M_invoke<0ul>(std::_Index_tuple<0ul>) (std_thread.h:292)
==7750==    by 0x1279C5: std::thread::_Invoker<std::tuple<test_deep_nested_scheduling()::{lambda()#1}> >::operator()() (std_thread.h:299)
==7750==    by 0x127855: std::thread::_State_impl<std::thread::_Invoker<std::tuple<test_deep_nested_scheduling()::{lambda()#1}> > >::_M_run() (std_thread.h:244)
==7750==    by 0x4956DB3: ??? (in /usr/lib/x86_64-linux-gnu/libstdc++.so.6.0.33)
==7750==    by 0x4854B7A: ??? (in /usr/libexec/valgrind/vgpreload_helgrind-amd64-linux.so)
==7750==    by 0x4BB2AA3: start_thread (pthread_create.c:447)
==7750==    by 0x4C3FA33: clone (clone.S:100)
==7750== 
==7750== 
==7750== Use --history-level=approx or =none to gain increased speed, at
==7750== the cost of reduced accuracy of conflicting-access information
==7750== For lists of detected and suppressed errors, rerun with: -s
==7750== ERROR SUMMARY: 4 errors from 4 contexts (suppressed: 291 from 32)
[1;31m❌ FAILED[0m
[96m[N02][0m Extreme nested scheduling (1000)... ==7757== ---Thread-Announcement------------------------------------------
==7757== 
==7757== Thread #2 was created
==7757==    at 0x4C3FA23: clone (clone.S:76)
==7757==    by 0x4C3FBA2: __clone_internal_fallback (clone-internal.c:64)
==7757==    by 0x4C3FBA2: __clone_internal (clone-internal.c:109)
==7757==    by 0x4BB254F: create_thread (pthread_create.c:297)
==7757==    by 0x4BB31A4: pthread_create@@GLIBC_2.34 (pthread_create.c:836)
==7757==    by 0x4854975: ??? (in /usr/libexec/valgrind/vgpreload_helgrind-amd64-linux.so)
==7757==    by 0x4956EB0: std::thread::_M_start_thread(std::unique_ptr<std::thread::_State, std::default_delete<std::thread::_State> >, void (*)()) (in /usr/lib/x86_64-linux-gnu/libstdc++.so.6.0.33)
==7757==    by 0x11CAFE: std::thread::thread<test_extreme_nested_scheduling()::{lambda()#1}, , void>(test_extreme_nested_scheduling()::{lambda()#1}&&) (std_thread.h:164)
==7757==    by 0x118351: test_extreme_nested_scheduling() (test_custom.cc:732)
==7757==    by 0x1301FC: bool std::__invoke_impl<bool, bool (*&)()>(std::__invoke_other, bool (*&)()) (invoke.h:61)
==7757==    by 0x12EE9D: std::enable_if<!std::is_void<bool>::value, bool>::type std::__invoke_r<bool, bool (*&)()>(bool (*&)()) (invoke.h:138)
==7757==    by 0x12D567: std::_Function_handler<bool (), bool (*)()>::_M_invoke(std::_Any_data const&) (std_function.h:290)
==7757==    by 0x12B475: std::function<bool ()>::operator()() const (std_function.h:591)
==7757== 
==7757== ----------------------------------------------------------------
==7757== 
==7757== Thread #2: pthread_cond_{signal,broadcast}: dubious: associated lock is not held by any thread
==7757==    at 0x4851C1D: ??? (in /usr/libexec/valgrind/vgpreload_helgrind-amd64-linux.so)
==7757==    by 0x10E08B: ThreadPool::schedule(std::function<void ()> const&) (thread-pool.cc:37)
==7757==    by 0x11805A: test_extreme_nested_scheduling()::{lambda()#1}::operator()() const::{lambda(int)#1}::operator()(int) const (test_custom.cc:717)
==7757==    by 0x1257ED: void std::__invoke_impl<void, test_extreme_nested_scheduling()::{lambda()#1}::operator()() const::{lambda(int)#1}&, int>(std::__invoke_other, test_extreme_nested_scheduling()::{lambda()#1}::operator()() const::{lambda(int)#1}&, int&&) (invoke.h:61)
==7757==    by 0x1235F0: std::enable_if<std::is_void<void>::value, void>::type std::__invoke_r<void, test_extreme_nested_scheduling()::{lambda()#1}::operator()() const::{lambda(int)#1}&, int>(test_extreme_nested_scheduling()::{lambda()#1}::operator()() const::{lambda(int)#1}&, int&&) (invoke.h:150)
==7757==    by 0x12044C: std::_Function_handler<void (int), test_extreme_nested_scheduling()::{lambda()#1}::operator()() const::{lambda(int)#1}>::_M_invoke(std::_Any_data const&, int&&) (std_function.h:290)
==7757==    by 0x12B0D1: std::function<void (int)>::operator()(int) const (std_function.h:591)
==7757==    by 0x118158: test_extreme_nested_scheduling()::{lambda()#1}::operator()() const (test_custom.cc:723)
==7757==    by 0x1281D4: void std::__invoke_impl<void, test_extreme_nested_scheduling()::{lambda()#1}>(std::__invoke_other, test_extreme_nested_scheduling()::{lambda()#1}&&) (invoke.h:61)
==7757==    by 0x127E8A: std::__invoke_result<test_extreme_nested_scheduling()::{lambda()#1}>::type std::__invoke<test_extreme_nested_scheduling()::{lambda()#1}>(test_extreme_nested_scheduling()::{lambda()#1}&&) (invoke.h:96)
==7757==    by 0x127B69: void std::thread::_Invoker<std::tuple<test_extreme_nested_scheduling()::{lambda()#1}> >::_M_invoke<0ul>(std::_Index_tuple<0ul>) (std_thread.h:292)
==7757==    by 0x1279A9: std::thread::_Invoker<std::tuple<test_extreme_nested_scheduling()::{lambda()#1}> >::operator()() (std_thread.h:299)
==7757== 
==7757== ---Thread-Announcement------------------------------------------
==7757== 
==7757== Thread #3 was created
==7757==    at 0x4C3FA23: clone (clone.S:76)
==7757==    by 0x4C3FBA2: __clone_internal_fallback (clone-internal.c:64)
==7757==    by 0x4C3FBA2: __clone_internal (clone-internal.c:109)
==7757==    by 0x4BB254F: create_thread (pthread_create.c:297)
==7757==    by 0x4BB31A4: pthread_create@@GLIBC_2.34 (pthread_create.c:836)
==7757==    by 0x4854975: ??? (in /usr/libexec/valgrind/vgpreload_helgrind-amd64-linux.so)
==7757==    by 0x4956EB0: std::thread::_M_start_thread(std::unique_ptr<std::thread::_State, std::default_delete<std::thread::_State> >, void (*)()) (in /usr/lib/x86_64-linux-gnu/libstdc++.so.6.0.33)
==7757==    by 0x10EA9A: std::thread::thread<ThreadPool::ThreadPool(unsigned long)::{lambda()#1}, , void>(ThreadPool::ThreadPool(unsigned long)::{lambda()#1}&&) (std_thread.h:164)
==7757==    by 0x10DDEF: ThreadPool::ThreadPool(unsigned long) (thread-pool.cc:17)
==7757==    by 0x1180EB: test_extreme_nested_scheduling()::{lambda()#1}::operator()() const (test_custom.cc:709)
==7757==    by 0x1281D4: void std::__invoke_impl<void, test_extreme_nested_scheduling()::{lambda()#1}>(std::__invoke_other, test_extreme_nested_scheduling()::{lambda()#1}&&) (invoke.h:61)
==7757==    by 0x127E8A: std::__invoke_result<test_extreme_nested_scheduling()::{lambda()#1}>::type std::__invoke<test_extreme_nested_scheduling()::{lambda()#1}>(test_extreme_nested_scheduling()::{lambda()#1}&&) (invoke.h:96)
==7757==    by 0x127B69: void std::thread::_Invoker<std::tuple<test_extreme_nested_scheduling()::{lambda()#1}> >::_M_invoke<0ul>(std::_Index_tuple<0ul>) (std_thread.h:292)
==7757== 
==7757== ----------------------------------------------------------------
==7757== 
==7757== Thread #3: pthread_cond_{signal,broadcast}: dubious: associated lock is not held by any thread
==7757==    at 0x4851C1D: ??? (in /usr/libexec/valgrind/vgpreload_helgrind-amd64-linux.so)
==7757==    by 0x10E08B: ThreadPool::schedule(std::function<void ()> const&) (thread-pool.cc:37)
==7757==    by 0x11805A: test_extreme_nested_scheduling()::{lambda()#1}::operator()() const::{lambda(int)#1}::operator()(int) const (test_custom.cc:717)
==7757==    by 0x1257ED: void std::__invoke_impl<void, test_extreme_nested_scheduling()::{lambda()#1}::operator()() const::{lambda(int)#1}&, int>(std::__invoke_other, test_extreme_nested_scheduling()::{lambda()#1}::operator()() const::{lambda(int)#1}&, int&&) (invoke.h:61)
==7757==    by 0x1235F0: std::enable_if<std::is_void<void>::value, void>::type std::__invoke_r<void, test_extreme_nested_scheduling()::{lambda()#1}::operator()() const::{lambda(int)#1}&, int>(test_extreme_nested_scheduling()::{lambda()#1}::operator()() const::{lambda(int)#1}&, int&&) (invoke.h:150)
==7757==    by 0x12044C: std::_Function_handler<void (int), test_extreme_nested_scheduling()::{lambda()#1}::operator()() const::{lambda(int)#1}>::_M_invoke(std::_Any_data const&, int&&) (std_function.h:290)
==7757==    by 0x12B0D1: std::function<void (int)>::operator()(int) const (std_function.h:591)
==7757==    by 0x117FD0: test_extreme_nested_scheduling()::{lambda()#1}::operator()() const::{lambda(int)#1}::operator()(int) const::{lambda()#1}::operator()() const (test_custom.cc:718)
==7757==    by 0x12573D: void std::__invoke_impl<void, test_extreme_nested_scheduling()::{lambda()#1}::operator()() const::{lambda(int)#1}::operator()(int) const::{lambda()#1}&>(std::__invoke_other, test_extreme_nested_scheduling()::{lambda()#1}::operator()() const::{lambda(int)#1}::operator()(int) const::{lambda()#1}&) (invoke.h:61)
==7757==    by 0x12347B: std::enable_if<std::is_void<void>::value, void>::type std::__invoke_r<void, test_extreme_nested_scheduling()::{lambda()#1}::operator()() const::{lambda(int)#1}::operator()(int) const::{lambda()#1}&>(test_extreme_nested_scheduling()::{lambda()#1}::operator()() const::{lambda(int)#1}::operator()(int) const::{lambda()#1}&) (invoke.h:150)
==7757==    by 0x120341: std::_Function_handler<void (), test_extreme_nested_scheduling()::{lambda()#1}::operator()() const::{lambda(int)#1}::operator()(int) const::{lambda()#1}>::_M_invoke(std::_Any_data const&) (std_function.h:290)
==7757==    by 0x110179: std::function<void ()>::operator()() const (std_function.h:591)
==7757== 
==7757== ----------------------------------------------------------------
==7757== 
==7757== Thread #2: pthread_cond_{signal,broadcast}: dubious: associated lock is not held by any thread
==7757==    at 0x4851E0D: ??? (in /usr/libexec/valgrind/vgpreload_helgrind-amd64-linux.so)
==7757==    by 0x10E8D2: ThreadPool::~ThreadPool() (thread-pool.cc:134)
==7757==    by 0x11822C: test_extreme_nested_scheduling()::{lambda()#1}::operator()() const (test_custom.cc:729)
==7757==    by 0x1281D4: void std::__invoke_impl<void, test_extreme_nested_scheduling()::{lambda()#1}>(std::__invoke_other, test_extreme_nested_scheduling()::{lambda()#1}&&) (invoke.h:61)
==7757==    by 0x127E8A: std::__invoke_result<test_extreme_nested_scheduling()::{lambda()#1}>::type std::__invoke<test_extreme_nested_scheduling()::{lambda()#1}>(test_extreme_nested_scheduling()::{lambda()#1}&&) (invoke.h:96)
==7757==    by 0x127B69: void std::thread::_Invoker<std::tuple<test_extreme_nested_scheduling()::{lambda()#1}> >::_M_invoke<0ul>(std::_Index_tuple<0ul>) (std_thread.h:292)
==7757==    by 0x1279A9: std::thread::_Invoker<std::tuple<test_extreme_nested_scheduling()::{lambda()#1}> >::operator()() (std_thread.h:299)
==7757==    by 0x127831: std::thread::_State_impl<std::thread::_Invoker<std::tuple<test_extreme_nested_scheduling()::{lambda()#1}> > >::_M_run() (std_thread.h:244)
==7757==    by 0x4956DB3: ??? (in /usr/lib/x86_64-linux-gnu/libstdc++.so.6.0.33)
==7757==    by 0x4854B7A: ??? (in /usr/libexec/valgrind/vgpreload_helgrind-amd64-linux.so)
==7757==    by 0x4BB2AA3: start_thread (pthread_create.c:447)
==7757==    by 0x4C3FA33: clone (clone.S:100)
==7757== 
==7757== 
==7757== Use --history-level=approx or =none to gain increased speed, at
==7757== the cost of reduced accuracy of conflicting-access information
==7757== For lists of detected and suppressed errors, rerun with: -s
==7757== ERROR SUMMARY: 1001 errors from 3 contexts (suppressed: 38168 from 33)
[1;31m❌ FAILED[0m
[95m[T01][0m Parallel speedup benchmark (4 tasks)... ==7764== ---Thread-Announcement------------------------------------------
==7764== 
==7764== Thread #1 is the program's root thread
==7764== 
==7764== ----------------------------------------------------------------
==7764== 
==7764== Thread #1: pthread_cond_{signal,broadcast}: dubious: associated lock is not held by any thread
==7764==    at 0x4851C1D: ??? (in /usr/libexec/valgrind/vgpreload_helgrind-amd64-linux.so)
==7764==    by 0x10E08B: ThreadPool::schedule(std::function<void ()> const&) (thread-pool.cc:37)
==7764==    by 0x1184B5: test_parallel_speedup() (test_custom.cc:748)
==7764==    by 0x1301FC: bool std::__invoke_impl<bool, bool (*&)()>(std::__invoke_other, bool (*&)()) (invoke.h:61)
==7764==    by 0x12EE9D: std::enable_if<!std::is_void<bool>::value, bool>::type std::__invoke_r<bool, bool (*&)()>(bool (*&)()) (invoke.h:138)
==7764==    by 0x12D567: std::_Function_handler<bool (), bool (*)()>::_M_invoke(std::_Any_data const&) (std_function.h:290)
==7764==    by 0x12B475: std::function<bool ()>::operator()() const (std_function.h:591)
==7764==    by 0x119198: run_test(TestCase const&) (test_custom.cc:866)
==7764==    by 0x11A5E1: main (test_custom.cc:947)
==7764== 
==7764== ----------------------------------------------------------------
==7764== 
==7764== Thread #1: pthread_cond_{signal,broadcast}: dubious: associated lock is not held by any thread
==7764==    at 0x4851E0D: ??? (in /usr/libexec/valgrind/vgpreload_helgrind-amd64-linux.so)
==7764==    by 0x10E8D2: ThreadPool::~ThreadPool() (thread-pool.cc:134)
==7764==    by 0x118558: test_parallel_speedup() (test_custom.cc:757)
==7764==    by 0x1301FC: bool std::__invoke_impl<bool, bool (*&)()>(std::__invoke_other, bool (*&)()) (invoke.h:61)
==7764==    by 0x12EE9D: std::enable_if<!std::is_void<bool>::value, bool>::type std::__invoke_r<bool, bool (*&)()>(bool (*&)()) (invoke.h:138)
==7764==    by 0x12D567: std::_Function_handler<bool (), bool (*)()>::_M_invoke(std::_Any_data const&) (std_function.h:290)
==7764==    by 0x12B475: std::function<bool ()>::operator()() const (std_function.h:591)
==7764==    by 0x119198: run_test(TestCase const&) (test_custom.cc:866)
==7764==    by 0x11A5E1: main (test_custom.cc:947)
==7764== 
==7764== 
==7764== Use --history-level=approx or =none to gain increased speed, at
==7764== the cost of reduced accuracy of conflicting-access information
==7764== For lists of detected and suppressed errors, rerun with: -s
==7764== ERROR SUMMARY: 5 errors from 2 contexts (suppressed: 328 from 23)
[1;31m❌ FAILED[0m

========================================
Ran 31 tests.
❌ SOME TESTS FAILED
========================================
==7220== 
==7220== Use --history-level=approx or =none to gain increased speed, at
==7220== the cost of reduced accuracy of conflicting-access information
==7220== For lists of detected and suppressed errors, rerun with: -s
==7220== ERROR SUMMARY: 0 errors from 0 contexts (suppressed: 0 from 0)
